<?xml version="1.0" encoding="UTF-8"?>

<Procedure xmlns="http://hl7.org/fhir">
  <id value="ProcedureExample"/>
  <meta>
    <profile value="http://example.org/StructureDefinition/Procedure"/>
  </meta>
  <text>
    <status value="generated"/><div xmlns="http://www.w3.org/1999/xhtml"><p class="res-header-id"><b>Generated Narrative: Procedure ProcedureExample</b></p><a name="ProcedureExample"> </a><a name="hcProcedureExample"> </a><div style="display: inline-block; background-color: #d9e0e7; padding: 6px; margin: 4px; border: 1px solid #8da1b4; border-radius: 5px; line-height: 60%"><p style="margin-bottom: 0px"/><p style="margin-bottom: 0px">Profile: <a href="StructureDefinition-Procedure.html">PACProcedure</a></p></div><p><b>status</b>: Completed</p><p><b>code</b>: <span title="Codes:{http://snomed.info/sct 80146002}">Appendectomy</span></p><p><b>subject</b>: <a href="Patient/001">Patient/001</a></p><p><b>performed</b>: 2025-10-09 10:00:00+0800</p></div>
  </text>
  <status value="completed"/>
  <code>
    <coding>
      <system value="http://snomed.info/sct"/>
      <code value="80146002"/>
      <display value="Appendectomy"/>
    </coding>
  </code>
  <subject>
    <reference value="Patient/001"/>
  </subject>
  <performedDateTime value="2025-10-09T10:00:00+08:00"/>
</Procedure>