<?xml version="1.0" encoding="UTF-8"?><SearchParameter xmlns="http://hl7.org/fhir"><id value="ObservationLastupdated"/><text><status value="generated"/><div xmlns="http://www.w3.org/1999/xhtml"><p class="res-header-id"><b>Generated Narrative: SearchParameter ObservationLastupdated</b></p><a name="ObservationLastupdated"> </a><a name="hcObservationLastupdated"> </a><h2>ObservationLastupdated</h2><p>Parameter <code>_lastUpdated</code>:<code>date</code></p><div><p>搜尋Observation的_lastUpdated參數</p>
</div><table class="grid"><tr><td>Resource</td><td><a href="http://hl7.org/fhir/R4/observation.html">Observation</a></td></tr><tr><td>Expression</td><td><code>Resource.meta.lastUpdated</code></td></tr><tr><td>Multiples</td><td><ul><li>multipleAnd: It's up to the server whether the parameter may repeat in order to specify multiple values that must all be true</li><li>multipleOr: It's up to the server whether the parameter can have multiple values (separated by comma) where at least one must be true</li></ul></td></tr></table></div></text><url value="http://example.org/fhir/SearchParameter/Observation-_lastUpdated"/><version value="0.1.0"/><name value="ObservationLastupdated"/><status value="active"/><date value="2025-10-28T11:34:57+08:00"/><publisher value="Example Publisher"/><contact><name value="Example Publisher"/><telecom><system value="url"/><value value="http://example.org/example-publisher"/></telecom></contact><description value="搜尋Observation的_lastUpdated參數"/><code value="_lastUpdated"/><base value="Observation"/><type value="date"/><expression value="Resource.meta.lastUpdated"/></SearchParameter>