<?xml version="1.0" encoding="UTF-8"?><SearchParameter xmlns="http://hl7.org/fhir"><id value="MedicationAdministrationPerformer"/><text><status value="generated"/><div xmlns="http://www.w3.org/1999/xhtml"><p class="res-header-id"><b>Generated Narrative: SearchParameter MedicationAdministrationPerformer</b></p><a name="MedicationAdministrationPerformer"> </a><a name="hcMedicationAdministrationPerformer"> </a><h2>MedicationAdministrationPerformer</h2><p>Parameter <code>performer</code>:<code>reference</code></p><div><p>The identity of the individual who administered the medication</p>
</div><table class="grid"><tr><td>Resource</td><td><a href="http://hl7.org/fhir/R4/medicationadministration.html">MedicationAdministration</a></td></tr><tr><td>Expression</td><td><code>MedicationAdministration.​performer.​actor</code></td></tr><tr><td>Multiples</td><td><ul><li>multipleAnd: It's up to the server whether the parameter may repeat in order to specify multiple values that must all be true</li><li>multipleOr: It's up to the server whether the parameter can have multiple values (separated by comma) where at least one must be true</li></ul></td></tr></table></div></text><url value="http://example.org/fhir/SearchParameter/MedicationAdministration-performer"/><version value="0.1.0"/><name value="MedicationAdministrationPerformer"/><status value="active"/><date value="2025-10-28T11:34:57+08:00"/><publisher value="Example Publisher"/><contact><name value="Example Publisher"/><telecom><system value="url"/><value value="http://example.org/example-publisher"/></telecom></contact><description value="The identity of the individual who administered the medication"/><code value="performer"/><base value="MedicationAdministration"/><type value="reference"/><expression value="MedicationAdministration.​performer.​actor"/></SearchParameter>