<?xml version="1.0" encoding="UTF-8"?><ValueSet xmlns="http://hl7.org/fhir"><id value="VSBarthelBathing"/><text><status value="generated"/><div xmlns="http://www.w3.org/1999/xhtml"><p class="res-header-id"><b>Generated Narrative: ValueSet VSBarthelBathing</b></p><a name="VSBarthelBathing"> </a><a name="hcVSBarthelBathing"> </a><ul><li>Include these codes as defined in <a href="http://loinc.org"><code>http://loinc.org</code></a><span title="Version is not explicity stated. No matching Code System found"> version Not Stated (use latest from terminology server)</span><table class="none"><tr><td style="white-space:nowrap"><b>Code</b></td><td><b>Display</b></td></tr><tr><td><a href="https://loinc.org/LA31636-6/">LA31636-6</a></td><td>能獨立完成(不論是盆浴或沐浴)，不需別人在旁。</td></tr><tr><td><a href="https://loinc.org/LA12304-4/">LA12304-4</a></td><td>需別人協助。</td></tr></table></li></ul></div></text><url value="http://example.org/ValueSet/VSBarthelBathing"/><version value="0.1.0"/><name value="VSBarthelBathing"/><title value="洗澡-選項"/><status value="draft"/><date value="2025-10-28T11:34:57+08:00"/><publisher value="Example Publisher"/><contact><name value="Example Publisher"/><telecom><system value="url"/><value value="http://example.org/example-publisher"/></telecom></contact><compose><include><system value="http://loinc.org"/><concept><code value="LA31636-6"/><display value="能獨立完成(不論是盆浴或沐浴)，不需別人在旁。"/></concept><concept><code value="LA12304-4"/><display value="需別人協助。"/></concept></include></compose></ValueSet>