<?xml version="1.0" encoding="UTF-8"?><ValueSet xmlns="http://hl7.org/fhir"><id value="VSBarthelTransfer"/><text><status value="generated"/><div xmlns="http://www.w3.org/1999/xhtml"><p class="res-header-id"><b>Generated Narrative: ValueSet VSBarthelTransfer</b></p><a name="VSBarthelTransfer"> </a><a name="hcVSBarthelTransfer"> </a><ul><li>Include these codes as defined in <a href="http://loinc.org"><code>http://loinc.org</code></a><span title="Version is not explicity stated. No matching Code System found"> version Not Stated (use latest from terminology server)</span><table class="none"><tr><td style="white-space:nowrap"><b>Code</b></td><td><b>Display</b></td></tr><tr><td><a href="https://loinc.org/LA12302-8/">LA12302-8</a></td><td>整個過程可獨立完成。</td></tr><tr><td><a href="https://loinc.org/LA31635-8/">LA31635-8</a></td><td>移動身體時需要稍微協助、給予提醒、安全監督。</td></tr><tr><td><a href="https://loinc.org/LA31634-1/">LA31634-1</a></td><td>可以自行坐起，但從床上坐起時或移動身體時需要他人協助。</td></tr><tr><td><a href="https://loinc.org/LA31633-3/">LA31633-3</a></td><td>不會自己移動。</td></tr></table></li></ul></div></text><url value="http://example.org/ValueSet/VSBarthelTransfer"/><version value="0.1.0"/><name value="VSBarthelTransfer"/><title value="移位-選項"/><status value="draft"/><date value="2025-10-28T11:34:57+08:00"/><publisher value="Example Publisher"/><contact><name value="Example Publisher"/><telecom><system value="url"/><value value="http://example.org/example-publisher"/></telecom></contact><compose><include><system value="http://loinc.org"/><concept><code value="LA12302-8"/><display value="整個過程可獨立完成。"/></concept><concept><code value="LA31635-8"/><display value="移動身體時需要稍微協助、給予提醒、安全監督。"/></concept><concept><code value="LA31634-1"/><display value="可以自行坐起，但從床上坐起時或移動身體時需要他人協助。"/></concept><concept><code value="LA31633-3"/><display value="不會自己移動。"/></concept></include></compose></ValueSet>