<?xml version="1.0" encoding="UTF-8"?><ValueSet xmlns="http://hl7.org/fhir"><id value="VSBarthelGrooming"/><text><status value="generated"/><div xmlns="http://www.w3.org/1999/xhtml"><p class="res-header-id"><b>Generated Narrative: ValueSet VSBarthelGrooming</b></p><a name="VSBarthelGrooming"> </a><a name="hcVSBarthelGrooming"> </a><ul><li>Include these codes as defined in <a href="http://loinc.org"><code>http://loinc.org</code></a><span title="Version is not explicity stated. No matching Code System found"> version Not Stated (use latest from terminology server)</span><table class="none"><tr><td style="white-space:nowrap"><b>Code</b></td><td><b>Display</b></td></tr><tr><td><a href="https://loinc.org/LA31644-0/">LA31644-0</a></td><td>可以自行洗手、刷牙、洗臉及梳頭。</td></tr><tr><td><a href="https://loinc.org/LA31643-2/">LA31643-2</a></td><td>需要他人部分或完全協助。</td></tr></table></li></ul></div></text><url value="http://example.org/ValueSet/VSBarthelGrooming"/><version value="0.1.0"/><name value="VSBarthelGrooming"/><title value="個人衛生-選項"/><status value="draft"/><date value="2025-10-28T11:34:57+08:00"/><publisher value="Example Publisher"/><contact><name value="Example Publisher"/><telecom><system value="url"/><value value="http://example.org/example-publisher"/></telecom></contact><compose><include><system value="http://loinc.org"/><concept><code value="LA31644-0"/><display value="可以自行洗手、刷牙、洗臉及梳頭。"/></concept><concept><code value="LA31643-2"/><display value="需要他人部分或完全協助。"/></concept></include></compose></ValueSet>