<?xml version="1.0" encoding="UTF-8"?><ValueSet xmlns="http://hl7.org/fhir"><id value="VSBodyStructure"/><text><status value="generated"/><div xmlns="http://www.w3.org/1999/xhtml"><p class="res-header-id"><b>Generated Narrative: ValueSet VSBodyStructure</b></p><a name="VSBodyStructure"> </a><a name="hcVSBodyStructure"> </a><ul><li>Include these codes as defined in <a href="http://www.snomed.org/"><code>http://snomed.info/sct</code></a><span title="Version is not explicity stated. No matching Code System found"> version Not Stated (use latest from terminology server)</span><table class="none"><tr><td style="white-space:nowrap"><b>Code</b></td><td><b>Display</b></td></tr><tr><td><a href="http://snomed.info/id/91775009">91775009</a></td><td>左側肩</td></tr><tr><td><a href="http://snomed.info/id/5951000">5951000</a></td><td>左側手腕</td></tr><tr><td><a href="http://snomed.info/id/85151006">85151006</a></td><td>左手</td></tr><tr><td><a href="http://snomed.info/id/91774008">91774008</a></td><td>右側肩</td></tr><tr><td><a href="http://snomed.info/id/9736006">9736006</a></td><td>右側手腕</td></tr><tr><td><a href="http://snomed.info/id/78791008">78791008</a></td><td>右手</td></tr></table></li></ul></div></text><url value="http://example.org/ValueSet/VSBodyStructure"/><version value="0.1.0"/><name value="VSBodyStructure"/><title value="身體部位與結構對應之Snomed CT 代碼"/><status value="draft"/><date value="2025-10-28T11:34:57+08:00"/><publisher value="Example Publisher"/><contact><name value="Example Publisher"/><telecom><system value="url"/><value value="http://example.org/example-publisher"/></telecom></contact><description value="收錄復健可能會使用到的身體部位代碼"/><compose><include><system value="http://snomed.info/sct"/><concept><code value="91775009"/><display value="左側肩"/></concept><concept><code value="5951000"/><display value="左側手腕"/></concept><concept><code value="85151006"/><display value="左手"/></concept><concept><code value="91774008"/><display value="右側肩"/></concept><concept><code value="9736006"/><display value="右側手腕"/></concept><concept><code value="78791008"/><display value="右手"/></concept></include></compose></ValueSet>