[
  {
    "id" : "mas-score",
    "type" : "CodeSystem",
    "url" : "http://example.org/CodeSystem/mas-score",
    "version" : "0.1.0",
    "name" : "CSMAS"
  },
  {
    "id" : "fhir.example",
    "type" : "ImplementationGuide",
    "url" : "http://example.org/ImplementationGuide/fhir.example",
    "version" : "0.1.0",
    "name" : "ExampleIG"
  },
  {
    "id" : "ARATQuestionnaireInstance",
    "type" : "Questionnaire",
    "url" : "http://example.org/Questionnaire/ARATQuestionnaireInstance",
    "version" : "0.1.0",
    "name" : "ARATQuestionnaire"
  },
  {
    "id" : "BBTQuestionnaire",
    "type" : "Questionnaire",
    "url" : "http://example.org/Questionnaire/BBTQuestionnaire",
    "version" : "0.1.0"
  },
  {
    "id" : "BarthelQuestionnaireInstance",
    "type" : "Questionnaire",
    "url" : "http://example.org/Questionnaire/BarthelQuestionnaireInstance",
    "version" : "0.1.0"
  },
  {
    "id" : "FMAUEMotorQuestionnaireInstance",
    "type" : "Questionnaire",
    "url" : "http://example.org/Questionnaire/FMAUEMotorQuestionnaireInstance",
    "version" : "0.1.0",
    "name" : "FMAUEMotorQuestionnaire"
  },
  {
    "id" : "FMAUESensoryQuestionnaireInstance",
    "type" : "Questionnaire",
    "url" : "http://example.org/Questionnaire/FMAUESensoryQuestionnaireInstance",
    "version" : "0.1.0",
    "name" : "FMAUESensoryQuestionnaire"
  },
  {
    "id" : "IDALQuestionnaireInstance",
    "type" : "Questionnaire",
    "url" : "http://example.org/Questionnaire/IDALQuestionnaireInstance",
    "version" : "0.1.0",
    "name" : "IDALQuestionnaireInstance"
  },
  {
    "id" : "MASQuestionnaireInstance",
    "type" : "Questionnaire",
    "url" : "http://example.org/Questionnaire/MASQuestionnaireInstance",
    "version" : "0.1.0"
  },
  {
    "id" : "MMSEQuestionnaireInstance",
    "type" : "Questionnaire",
    "url" : "http://example.org/Questionnaire/MMSEQuestionnaireInstance",
    "version" : "0.1.0"
  },
  {
    "id" : "MRCQuestionnaireInstance",
    "type" : "Questionnaire",
    "url" : "http://example.org/Questionnaire/MRCQuestionnaireInstance",
    "version" : "0.1.0"
  },
  {
    "id" : "WMFTQuestionnaireInstance",
    "type" : "Questionnaire",
    "url" : "http://example.org/Questionnaire/WMFTQuestionnaireInstance",
    "version" : "0.1.0",
    "name" : "WMFTQuestionnaire"
  },
  {
    "id" : "ARATQuestionnaireResponse",
    "type" : "StructureDefinition",
    "url" : "http://example.org/StructureDefinition/ARATQuestionnaireResponse",
    "version" : "0.1.0",
    "name" : "ARATQuestionnaireResponse"
  },
  {
    "id" : "BarthelQuestionnaireResponse",
    "type" : "StructureDefinition",
    "url" : "http://example.org/StructureDefinition/BarthelQuestionnaireResponse",
    "version" : "0.1.0",
    "name" : "BarthelQuestionnaireResponse"
  },
  {
    "id" : "CarePlan",
    "type" : "StructureDefinition",
    "url" : "http://example.org/StructureDefinition/CarePlan",
    "version" : "0.1.0",
    "name" : "CarePlan"
  },
  {
    "id" : "Encounter",
    "type" : "StructureDefinition",
    "url" : "http://example.org/StructureDefinition/Encounter",
    "version" : "0.1.0",
    "name" : "Encounter"
  },
  {
    "id" : "FMAUEMotionQuestionnaireResponse",
    "type" : "StructureDefinition",
    "url" : "http://example.org/StructureDefinition/FMAUEMotionQuestionnaireResponse",
    "version" : "0.1.0",
    "name" : "FMAUEMotionQuestionnaireResponse"
  },
  {
    "id" : "FMAUESensoryQuestionnaireResponse",
    "type" : "StructureDefinition",
    "url" : "http://example.org/StructureDefinition/FMAUESensoryQuestionnaireResponse",
    "version" : "0.1.0",
    "name" : "FMAUESensoryQuestionnaireResponse"
  },
  {
    "id" : "Goal",
    "type" : "StructureDefinition",
    "url" : "http://example.org/StructureDefinition/Goal",
    "version" : "0.1.0",
    "name" : "Goal"
  },
  {
    "id" : "IADLQuestionnaireResponse",
    "type" : "StructureDefinition",
    "url" : "http://example.org/StructureDefinition/IADLQuestionnaireResponse",
    "version" : "0.1.0",
    "name" : "IADLQuestionnaireResponse"
  },
  {
    "id" : "MASQuestionnaireResponse",
    "type" : "StructureDefinition",
    "url" : "http://example.org/StructureDefinition/MASQuestionnaireResponse",
    "version" : "0.1.0",
    "name" : "MASQuestionnaireResponse"
  },
  {
    "id" : "MMSEQuestionnaireResponse",
    "type" : "StructureDefinition",
    "url" : "http://example.org/StructureDefinition/MMSEQuestionnaireResponse",
    "version" : "0.1.0",
    "name" : "MMSEQuestionnaireResponse"
  },
  {
    "id" : "MRCQuestionnaireResponse",
    "type" : "StructureDefinition",
    "url" : "http://example.org/StructureDefinition/MRCQuestionnaireResponse",
    "version" : "0.1.0",
    "name" : "MRCQuestionnaireResponse"
  },
  {
    "id" : "MyMedicationAdministration",
    "type" : "StructureDefinition",
    "url" : "http://example.org/StructureDefinition/MyMedicationAdministration",
    "version" : "0.1.0",
    "name" : "MyMedicationAdministration"
  },
  {
    "id" : "ObservationScreeningAssessment",
    "type" : "StructureDefinition",
    "url" : "http://example.org/StructureDefinition/ObservationScreeningAssessment",
    "version" : "0.1.0",
    "name" : "ObservationScreeningAssessment"
  },
  {
    "id" : "Organization",
    "type" : "StructureDefinition",
    "url" : "http://example.org/StructureDefinition/Organization",
    "version" : "0.1.0",
    "name" : "Organization"
  },
  {
    "id" : "PACCarePlan",
    "type" : "StructureDefinition",
    "url" : "http://example.org/StructureDefinition/PACCarePlan",
    "version" : "0.1.0",
    "name" : "PACCarePlan"
  },
  {
    "id" : "PACCondition",
    "type" : "StructureDefinition",
    "url" : "http://example.org/StructureDefinition/PACCondition",
    "version" : "0.1.0",
    "name" : "PACCondition"
  },
  {
    "id" : "Patient",
    "type" : "StructureDefinition",
    "url" : "http://example.org/StructureDefinition/Patient",
    "version" : "0.1.0",
    "name" : "Patient"
  },
  {
    "id" : "Practitioner",
    "type" : "StructureDefinition",
    "url" : "http://example.org/StructureDefinition/Practitioner",
    "version" : "0.1.0",
    "name" : "Practitioner"
  },
  {
    "id" : "PractitionerRole",
    "type" : "StructureDefinition",
    "url" : "http://example.org/StructureDefinition/PractitionerRole",
    "version" : "0.1.0",
    "name" : "PractitionerRole"
  },
  {
    "id" : "Procedure",
    "type" : "StructureDefinition",
    "url" : "http://example.org/StructureDefinition/Procedure",
    "version" : "0.1.0",
    "name" : "Procedure"
  },
  {
    "id" : "ReponseBundle",
    "type" : "StructureDefinition",
    "url" : "http://example.org/StructureDefinition/ReponseBundle",
    "version" : "0.1.0",
    "name" : "ReponseBundle"
  },
  {
    "id" : "SPACQuestionnaire",
    "type" : "StructureDefinition",
    "url" : "http://example.org/StructureDefinition/SPACQuestionnaire",
    "version" : "0.1.0",
    "name" : "SPACQuestionnaire"
  },
  {
    "id" : "SPACQuestionnaireResponse",
    "type" : "StructureDefinition",
    "url" : "http://example.org/StructureDefinition/SPACQuestionnaireResponse",
    "version" : "0.1.0",
    "name" : "SPACQuestionnaireResponse"
  },
  {
    "id" : "WMFTQuestionnaireResponse",
    "type" : "StructureDefinition",
    "url" : "http://example.org/StructureDefinition/WMFTQuestionnaireResponse",
    "version" : "0.1.0",
    "name" : "WMFTQuestionnaireResponse"
  },
  {
    "id" : "bbt-questionnaire-response",
    "type" : "StructureDefinition",
    "url" : "http://example.org/StructureDefinition/bbt-questionnaire-response",
    "version" : "0.1.0",
    "name" : "BBTQR"
  },
  {
    "id" : "test-time-extension",
    "type" : "StructureDefinition",
    "url" : "http://example.org/StructureDefinition/test-time-extension",
    "version" : "0.1.0",
    "name" : "TestTimeExtension"
  },
  {
    "id" : "VSBarthelBathing",
    "type" : "ValueSet",
    "url" : "http://example.org/ValueSet/VSBarthelBathing",
    "version" : "0.1.0",
    "name" : "VSBarthelBathing"
  },
  {
    "id" : "VSBarthelBladder",
    "type" : "ValueSet",
    "url" : "http://example.org/ValueSet/VSBarthelBladder",
    "version" : "0.1.0",
    "name" : "VSBarthelBladder"
  },
  {
    "id" : "VSBarthelBowels",
    "type" : "ValueSet",
    "url" : "http://example.org/ValueSet/VSBarthelBowels",
    "version" : "0.1.0",
    "name" : "VSBarthelBowels"
  },
  {
    "id" : "VSBarthelDressing",
    "type" : "ValueSet",
    "url" : "http://example.org/ValueSet/VSBarthelDressing",
    "version" : "0.1.0",
    "name" : "VSBarthelDressing"
  },
  {
    "id" : "VSBarthelFeeding",
    "type" : "ValueSet",
    "url" : "http://example.org/ValueSet/VSBarthelFeeding",
    "version" : "0.1.0",
    "name" : "VSBarthelFeeding"
  },
  {
    "id" : "VSBarthelGrooming",
    "type" : "ValueSet",
    "url" : "http://example.org/ValueSet/VSBarthelGrooming",
    "version" : "0.1.0",
    "name" : "VSBarthelGrooming"
  },
  {
    "id" : "VSBarthelMobility",
    "type" : "ValueSet",
    "url" : "http://example.org/ValueSet/VSBarthelMobility",
    "version" : "0.1.0",
    "name" : "VSBarthelMobility"
  },
  {
    "id" : "VSBarthelStairs",
    "type" : "ValueSet",
    "url" : "http://example.org/ValueSet/VSBarthelStairs",
    "version" : "0.1.0",
    "name" : "VSBarthelStairs"
  },
  {
    "id" : "VSBarthelToiletUse",
    "type" : "ValueSet",
    "url" : "http://example.org/ValueSet/VSBarthelToiletUse",
    "version" : "0.1.0",
    "name" : "VSBarthelToiletUse"
  },
  {
    "id" : "VSBarthelTotal",
    "type" : "ValueSet",
    "url" : "http://example.org/ValueSet/VSBarthelTotal",
    "version" : "0.1.0",
    "name" : "VSBarthelTotal"
  },
  {
    "id" : "VSBarthelTransfer",
    "type" : "ValueSet",
    "url" : "http://example.org/ValueSet/VSBarthelTransfer",
    "version" : "0.1.0",
    "name" : "VSBarthelTransfer"
  },
  {
    "id" : "VSBodyStructure",
    "type" : "ValueSet",
    "url" : "http://example.org/ValueSet/VSBodyStructure",
    "version" : "0.1.0",
    "name" : "VSBodyStructure"
  },
  {
    "id" : "assessment-side-valueset",
    "type" : "ValueSet",
    "url" : "http://example.org/ValueSet/assessment-side-valueset",
    "version" : "0.1.0",
    "name" : "AssessmentSideValueSet"
  },
  {
    "id" : "mas-score",
    "type" : "ValueSet",
    "url" : "http://example.org/ValueSet/mas-score",
    "version" : "0.1.0",
    "name" : "VSMAScore"
  },
  {
    "id" : "MyFHIRClientCapabilityStatement",
    "type" : "CapabilityStatement",
    "url" : "http://example.org/fhir/CapabilityStatement/MyFHIRClient",
    "version" : "0.1.0",
    "name" : "MyFHIRClientCapabilityStatement"
  },
  {
    "id" : "MyFHIRServerCapabilityStatement",
    "type" : "CapabilityStatement",
    "url" : "http://example.org/fhir/CapabilityStatement/MyFHIRServer",
    "version" : "0.1.0",
    "name" : "MyFHIRServerCapabilityStatement"
  },
  {
    "id" : "PatientEverythingOperation",
    "type" : "OperationDefinition",
    "url" : "http://example.org/fhir/OperationDefinition/Patient-everything",
    "version" : "0.1.0",
    "name" : "PatientEverythingOperation"
  },
  {
    "id" : "BundleId",
    "type" : "SearchParameter",
    "url" : "http://example.org/fhir/SearchParameter/Bundle-_id",
    "version" : "0.1.0",
    "name" : "BundleId"
  },
  {
    "id" : "BundleIdentifier",
    "type" : "SearchParameter",
    "url" : "http://example.org/fhir/SearchParameter/Bundle-identifier",
    "version" : "0.1.0",
    "name" : "BundleIdentifier"
  },
  {
    "id" : "CarePlanCategory",
    "type" : "SearchParameter",
    "url" : "http://example.org/fhir/SearchParameter/CarePlan-category",
    "version" : "0.1.0",
    "name" : "CarePlanCategory"
  },
  {
    "id" : "CarePlanDate",
    "type" : "SearchParameter",
    "url" : "http://example.org/fhir/SearchParameter/CarePlan-date",
    "version" : "0.1.0",
    "name" : "CarePlanDate"
  },
  {
    "id" : "CarePlanPatient",
    "type" : "SearchParameter",
    "url" : "http://example.org/fhir/SearchParameter/CarePlan-patient",
    "version" : "0.1.0",
    "name" : "CarePlanPatient"
  },
  {
    "id" : "CarePlanStatus",
    "type" : "SearchParameter",
    "url" : "http://example.org/fhir/SearchParameter/CarePlan-status",
    "version" : "0.1.0",
    "name" : "CarePlanStatus"
  },
  {
    "id" : "ConditionId",
    "type" : "SearchParameter",
    "url" : "http://example.org/fhir/SearchParameter/Condition-_id",
    "version" : "0.1.0",
    "name" : "ConditionId"
  },
  {
    "id" : "ConditionAbatementdate",
    "type" : "SearchParameter",
    "url" : "http://example.org/fhir/SearchParameter/Condition-abatement-date",
    "version" : "0.1.0",
    "name" : "ConditionAbatementdate"
  },
  {
    "id" : "ConditionClinicalstatus",
    "type" : "SearchParameter",
    "url" : "http://example.org/fhir/SearchParameter/Condition-clinical-status",
    "version" : "0.1.0",
    "name" : "ConditionClinicalstatus"
  },
  {
    "id" : "ConditionCode",
    "type" : "SearchParameter",
    "url" : "http://example.org/fhir/SearchParameter/Condition-code",
    "version" : "0.1.0",
    "name" : "ConditionCode"
  },
  {
    "id" : "ConditionOnsetdate",
    "type" : "SearchParameter",
    "url" : "http://example.org/fhir/SearchParameter/Condition-onset-date",
    "version" : "0.1.0",
    "name" : "ConditionOnsetdate"
  },
  {
    "id" : "ConditionSeverity",
    "type" : "SearchParameter",
    "url" : "http://example.org/fhir/SearchParameter/Condition-severity",
    "version" : "0.1.0",
    "name" : "ConditionSeverity"
  },
  {
    "id" : "ConditionSubject",
    "type" : "SearchParameter",
    "url" : "http://example.org/fhir/SearchParameter/Condition-subject",
    "version" : "0.1.0",
    "name" : "ConditionSubject"
  },
  {
    "id" : "EncounterId",
    "type" : "SearchParameter",
    "url" : "http://example.org/fhir/SearchParameter/Encounter-_id",
    "version" : "0.1.0",
    "name" : "EncounterId"
  },
  {
    "id" : "EncounterClass",
    "type" : "SearchParameter",
    "url" : "http://example.org/fhir/SearchParameter/Encounter-class",
    "version" : "0.1.0",
    "name" : "EncounterClass"
  },
  {
    "id" : "EncounterDate",
    "type" : "SearchParameter",
    "url" : "http://example.org/fhir/SearchParameter/Encounter-date",
    "version" : "0.1.0",
    "name" : "EncounterDate"
  },
  {
    "id" : "EncounterIdentifier",
    "type" : "SearchParameter",
    "url" : "http://example.org/fhir/SearchParameter/Encounter-identifier",
    "version" : "0.1.0",
    "name" : "EncounterIdentifier"
  },
  {
    "id" : "EncounterLocation",
    "type" : "SearchParameter",
    "url" : "http://example.org/fhir/SearchParameter/Encounter-location",
    "version" : "0.1.0",
    "name" : "EncounterLocation"
  },
  {
    "id" : "EncounterStatus",
    "type" : "SearchParameter",
    "url" : "http://example.org/fhir/SearchParameter/Encounter-status",
    "version" : "0.1.0",
    "name" : "EncounterStatus"
  },
  {
    "id" : "EncounterSubject",
    "type" : "SearchParameter",
    "url" : "http://example.org/fhir/SearchParameter/Encounter-subject",
    "version" : "0.1.0",
    "name" : "EncounterSubject"
  },
  {
    "id" : "GoalDescription",
    "type" : "SearchParameter",
    "url" : "http://example.org/fhir/SearchParameter/Goal-description",
    "version" : "0.1.0",
    "name" : "GoalDescription"
  },
  {
    "id" : "GoalLifecyclestatus",
    "type" : "SearchParameter",
    "url" : "http://example.org/fhir/SearchParameter/Goal-lifecycle-status",
    "version" : "0.1.0",
    "name" : "GoalLifecyclestatus"
  },
  {
    "id" : "GoalPatient",
    "type" : "SearchParameter",
    "url" : "http://example.org/fhir/SearchParameter/Goal-patient",
    "version" : "0.1.0",
    "name" : "GoalPatient"
  },
  {
    "id" : "GoalTargetdate",
    "type" : "SearchParameter",
    "url" : "http://example.org/fhir/SearchParameter/Goal-target-date",
    "version" : "0.1.0",
    "name" : "GoalTargetdate"
  },
  {
    "id" : "MedicationAdministrationCode",
    "type" : "SearchParameter",
    "url" : "http://example.org/fhir/SearchParameter/MedicationAdministration-code",
    "version" : "0.1.0",
    "name" : "MedicationAdministrationCode"
  },
  {
    "id" : "MedicationAdministrationContext",
    "type" : "SearchParameter",
    "url" : "http://example.org/fhir/SearchParameter/MedicationAdministration-context",
    "version" : "0.1.0",
    "name" : "MedicationAdministrationContext"
  },
  {
    "id" : "MedicationAdministrationDevice",
    "type" : "SearchParameter",
    "url" : "http://example.org/fhir/SearchParameter/MedicationAdministration-device",
    "version" : "0.1.0",
    "name" : "MedicationAdministrationDevice"
  },
  {
    "id" : "MedicationAdministrationEffectivetime",
    "type" : "SearchParameter",
    "url" : "http://example.org/fhir/SearchParameter/MedicationAdministration-effective-time",
    "version" : "0.1.0",
    "name" : "MedicationAdministrationEffectivetime"
  },
  {
    "id" : "MedicationAdministrationIdentifier",
    "type" : "SearchParameter",
    "url" : "http://example.org/fhir/SearchParameter/MedicationAdministration-identifier",
    "version" : "0.1.0",
    "name" : "MedicationAdministrationIdentifier"
  },
  {
    "id" : "MedicationAdministrationMedication",
    "type" : "SearchParameter",
    "url" : "http://example.org/fhir/SearchParameter/MedicationAdministration-medication",
    "version" : "0.1.0",
    "name" : "MedicationAdministrationMedication"
  },
  {
    "id" : "MedicationAdministrationPatient",
    "type" : "SearchParameter",
    "url" : "http://example.org/fhir/SearchParameter/MedicationAdministration-patient",
    "version" : "0.1.0",
    "name" : "MedicationAdministrationPatient"
  },
  {
    "id" : "MedicationAdministrationPerformer",
    "type" : "SearchParameter",
    "url" : "http://example.org/fhir/SearchParameter/MedicationAdministration-performer",
    "version" : "0.1.0",
    "name" : "MedicationAdministrationPerformer"
  },
  {
    "id" : "MedicationAdministrationReasongiven",
    "type" : "SearchParameter",
    "url" : "http://example.org/fhir/SearchParameter/MedicationAdministration-reason-given",
    "version" : "0.1.0",
    "name" : "MedicationAdministrationReasongiven"
  },
  {
    "id" : "MedicationAdministrationReasonnotgiven",
    "type" : "SearchParameter",
    "url" : "http://example.org/fhir/SearchParameter/MedicationAdministration-reason-not-given",
    "version" : "0.1.0",
    "name" : "MedicationAdministrationReasonnotgiven"
  },
  {
    "id" : "MedicationAdministrationRequest",
    "type" : "SearchParameter",
    "url" : "http://example.org/fhir/SearchParameter/MedicationAdministration-request",
    "version" : "0.1.0",
    "name" : "MedicationAdministrationRequest"
  },
  {
    "id" : "MedicationAdministrationStatus",
    "type" : "SearchParameter",
    "url" : "http://example.org/fhir/SearchParameter/MedicationAdministration-status",
    "version" : "0.1.0",
    "name" : "MedicationAdministrationStatus"
  },
  {
    "id" : "MedicationAdministrationSubject",
    "type" : "SearchParameter",
    "url" : "http://example.org/fhir/SearchParameter/MedicationAdministration-subject",
    "version" : "0.1.0",
    "name" : "MedicationAdministrationSubject"
  },
  {
    "id" : "ObservationId",
    "type" : "SearchParameter",
    "url" : "http://example.org/fhir/SearchParameter/Observation-_id",
    "version" : "0.1.0",
    "name" : "ObservationId"
  },
  {
    "id" : "ObservationLastupdated",
    "type" : "SearchParameter",
    "url" : "http://example.org/fhir/SearchParameter/Observation-_lastUpdated",
    "version" : "0.1.0",
    "name" : "ObservationLastupdated"
  },
  {
    "id" : "ObservationCategory",
    "type" : "SearchParameter",
    "url" : "http://example.org/fhir/SearchParameter/Observation-category",
    "version" : "0.1.0",
    "name" : "ObservationCategory"
  },
  {
    "id" : "ObservationCode",
    "type" : "SearchParameter",
    "url" : "http://example.org/fhir/SearchParameter/Observation-code",
    "version" : "0.1.0",
    "name" : "ObservationCode"
  },
  {
    "id" : "ObservationDate",
    "type" : "SearchParameter",
    "url" : "http://example.org/fhir/SearchParameter/Observation-date",
    "version" : "0.1.0",
    "name" : "ObservationDate"
  },
  {
    "id" : "ObservationPatient",
    "type" : "SearchParameter",
    "url" : "http://example.org/fhir/SearchParameter/Observation-patient",
    "version" : "0.1.0",
    "name" : "ObservationPatient"
  },
  {
    "id" : "ObservationPerformer",
    "type" : "SearchParameter",
    "url" : "http://example.org/fhir/SearchParameter/Observation-performer",
    "version" : "0.1.0",
    "name" : "ObservationPerformer"
  },
  {
    "id" : "ObservationStatus",
    "type" : "SearchParameter",
    "url" : "http://example.org/fhir/SearchParameter/Observation-status",
    "version" : "0.1.0",
    "name" : "ObservationStatus"
  },
  {
    "id" : "ObservationSubject",
    "type" : "SearchParameter",
    "url" : "http://example.org/fhir/SearchParameter/Observation-subject",
    "version" : "0.1.0",
    "name" : "ObservationSubject"
  },
  {
    "id" : "OrganizationId",
    "type" : "SearchParameter",
    "url" : "http://example.org/fhir/SearchParameter/Organization-_id",
    "version" : "0.1.0",
    "name" : "OrganizationId"
  },
  {
    "id" : "OrganizationIdentifier",
    "type" : "SearchParameter",
    "url" : "http://example.org/fhir/SearchParameter/Organization-identifier",
    "version" : "0.1.0",
    "name" : "OrganizationIdentifier"
  },
  {
    "id" : "OrganizationName",
    "type" : "SearchParameter",
    "url" : "http://example.org/fhir/SearchParameter/Organization-name",
    "version" : "0.1.0",
    "name" : "OrganizationName"
  },
  {
    "id" : "OrganizationType",
    "type" : "SearchParameter",
    "url" : "http://example.org/fhir/SearchParameter/Organization-type",
    "version" : "0.1.0",
    "name" : "OrganizationType"
  },
  {
    "id" : "PatientId",
    "type" : "SearchParameter",
    "url" : "http://example.org/fhir/SearchParameter/Patient-_id",
    "version" : "0.1.0",
    "name" : "PatientId"
  },
  {
    "id" : "PatientBirthdate",
    "type" : "SearchParameter",
    "url" : "http://example.org/fhir/SearchParameter/Patient-birthdate",
    "version" : "0.1.0",
    "name" : "PatientBirthdate"
  },
  {
    "id" : "PatientGender",
    "type" : "SearchParameter",
    "url" : "http://example.org/fhir/SearchParameter/Patient-gender",
    "version" : "0.1.0",
    "name" : "PatientGender"
  },
  {
    "id" : "PatientIdentifier",
    "type" : "SearchParameter",
    "url" : "http://example.org/fhir/SearchParameter/Patient-identifier",
    "version" : "0.1.0",
    "name" : "PatientIdentifier"
  },
  {
    "id" : "PatientName",
    "type" : "SearchParameter",
    "url" : "http://example.org/fhir/SearchParameter/Patient-name",
    "version" : "0.1.0",
    "name" : "PatientName"
  },
  {
    "id" : "PractitionerId",
    "type" : "SearchParameter",
    "url" : "http://example.org/fhir/SearchParameter/Practitioner-_id",
    "version" : "0.1.0",
    "name" : "PractitionerId"
  },
  {
    "id" : "PractitionerIdentifier",
    "type" : "SearchParameter",
    "url" : "http://example.org/fhir/SearchParameter/Practitioner-identifier",
    "version" : "0.1.0",
    "name" : "PractitionerIdentifier"
  },
  {
    "id" : "PractitionerName",
    "type" : "SearchParameter",
    "url" : "http://example.org/fhir/SearchParameter/Practitioner-name",
    "version" : "0.1.0",
    "name" : "PractitionerName"
  },
  {
    "id" : "PractitionerRoleId",
    "type" : "SearchParameter",
    "url" : "http://example.org/fhir/SearchParameter/PractitionerRole-_id",
    "version" : "0.1.0",
    "name" : "PractitionerRoleId"
  },
  {
    "id" : "PractitionerRoleIdentifier",
    "type" : "SearchParameter",
    "url" : "http://example.org/fhir/SearchParameter/PractitionerRole-identifier",
    "version" : "0.1.0",
    "name" : "PractitionerRoleIdentifier"
  },
  {
    "id" : "PractitionerRoleSpecialty",
    "type" : "SearchParameter",
    "url" : "http://example.org/fhir/SearchParameter/PractitionerRole-specialty",
    "version" : "0.1.0",
    "name" : "PractitionerRoleSpecialty"
  },
  {
    "id" : "ProcedureId",
    "type" : "SearchParameter",
    "url" : "http://example.org/fhir/SearchParameter/Procedure-_id",
    "version" : "0.1.0",
    "name" : "ProcedureId"
  },
  {
    "id" : "ProcedureCode",
    "type" : "SearchParameter",
    "url" : "http://example.org/fhir/SearchParameter/Procedure-code",
    "version" : "0.1.0",
    "name" : "ProcedureCode"
  },
  {
    "id" : "ProcedureDate",
    "type" : "SearchParameter",
    "url" : "http://example.org/fhir/SearchParameter/Procedure-date",
    "version" : "0.1.0",
    "name" : "ProcedureDate"
  },
  {
    "id" : "ProcedureStatus",
    "type" : "SearchParameter",
    "url" : "http://example.org/fhir/SearchParameter/Procedure-status",
    "version" : "0.1.0",
    "name" : "ProcedureStatus"
  },
  {
    "id" : "ProcedureSubject",
    "type" : "SearchParameter",
    "url" : "http://example.org/fhir/SearchParameter/Procedure-subject",
    "version" : "0.1.0",
    "name" : "ProcedureSubject"
  },
  {
    "id" : "QuestionnaireLinkID",
    "type" : "SearchParameter",
    "url" : "http://example.org/fhir/SearchParameter/Questionnaire-LinkID",
    "version" : "0.1.0",
    "name" : "QuestionnaireLinkID"
  },
  {
    "id" : "QuestionnaireIdentifier",
    "type" : "SearchParameter",
    "url" : "http://example.org/fhir/SearchParameter/Questionnaire-identifier",
    "version" : "0.1.0",
    "name" : "QuestionnaireIdentifier"
  },
  {
    "id" : "QuestionnaireTitle",
    "type" : "SearchParameter",
    "url" : "http://example.org/fhir/SearchParameter/Questionnaire-title",
    "version" : "0.1.0",
    "name" : "QuestionnaireTitle"
  },
  {
    "id" : "QuestionnaireResponseLinkID",
    "type" : "SearchParameter",
    "url" : "http://example.org/fhir/SearchParameter/QuestionnaireResponse-LinkID",
    "version" : "0.1.0",
    "name" : "QuestionnaireResponseLinkID"
  },
  {
    "id" : "QuestionnaireResponseId",
    "type" : "SearchParameter",
    "url" : "http://example.org/fhir/SearchParameter/QuestionnaireResponse-_id",
    "version" : "0.1.0",
    "name" : "QuestionnaireResponseId"
  },
  {
    "id" : "QuestionnaireResponseAuthored",
    "type" : "SearchParameter",
    "url" : "http://example.org/fhir/SearchParameter/QuestionnaireResponse-authored",
    "version" : "0.1.0",
    "name" : "QuestionnaireResponseAuthored"
  },
  {
    "id" : "QuestionnaireResponsePatient",
    "type" : "SearchParameter",
    "url" : "http://example.org/fhir/SearchParameter/QuestionnaireResponse-patient",
    "version" : "0.1.0",
    "name" : "QuestionnaireResponsePatient"
  },
  {
    "id" : "QuestionnaireResponseQuestionnaire",
    "type" : "SearchParameter",
    "url" : "http://example.org/fhir/SearchParameter/QuestionnaireResponse-questionnaire",
    "version" : "0.1.0",
    "name" : "QuestionnaireResponseQuestionnaire"
  },
  {
    "id" : "QuestionnaireResponseStatus",
    "type" : "SearchParameter",
    "url" : "http://example.org/fhir/SearchParameter/QuestionnaireResponse-status",
    "version" : "0.1.0",
    "name" : "QuestionnaireResponseStatus"
  },
  {
    "id" : "QuestionnaireResponseSubject",
    "type" : "SearchParameter",
    "url" : "http://example.org/fhir/SearchParameter/QuestionnaireResponse-subject",
    "version" : "0.1.0",
    "name" : "QuestionnaireResponseSubject"
  }
]
