<?xml version="1.0" encoding="UTF-8"?>

<CarePlan xmlns="http://hl7.org/fhir">
  <id value="CarePlanExample"/>
  <meta>
    <profile value="http://example.org/StructureDefinition/CarePlan"/>
  </meta>
  <text>
    <status value="generated"/><div xmlns="http://www.w3.org/1999/xhtml"><p class="res-header-id"><b>Generated Narrative: CarePlan CarePlanExample</b></p><a name="CarePlanExample"> </a><a name="hcCarePlanExample"> </a><div style="display: inline-block; background-color: #d9e0e7; padding: 6px; margin: 4px; border: 1px solid #8da1b4; border-radius: 5px; line-height: 60%"><p style="margin-bottom: 0px"/><p style="margin-bottom: 0px">Profile: <a href="StructureDefinition-CarePlan.html">Care Plan</a></p></div><p><b>status</b>: Active</p><p><b>intent</b>: Plan</p><p><b>category</b>: <span title="Codes:{https://twcore.mohw.gov.tw/ig/twcore/CodeSystem/careplan-category-tw assess-plan}">Assessment and Plan of Treatment</span></p><p><b>subject</b>: <a href="Patient/001">Patient/001</a></p></div>
  </text>
  <status value="active"/>
  <intent value="plan"/>
  <category>
    <coding>
      <system value="https://twcore.mohw.gov.tw/ig/twcore/CodeSystem/careplan-category-tw"/>
      <code value="assess-plan"/>
    </coding>
  </category>
  <subject>
    <reference value="Patient/001"/>
  </subject>
</CarePlan>