{
  "resourceType" : "ImplementationGuide",
  "id" : "fhir.example",
  "text" : {
    "status" : "generated",
    "div" : "<div xmlns=\"http://www.w3.org/1999/xhtml\"><p class=\"res-header-id\"><b>Generated Narrative: ImplementationGuide fhir.example</b></p><a name=\"fhir.example\"> </a><a name=\"hcfhir.example\"> </a><h2>ExampleIG</h2><p>The official URL for this implementation guide is: </p><pre>http://example.org/ImplementationGuide/fhir.example</pre></div>"
  },
  "url" : "http://example.org/ImplementationGuide/fhir.example",
  "version" : "0.1.0",
  "name" : "ExampleIG",
  "status" : "draft",
  "date" : "2025-10-28T11:34:57+08:00",
  "publisher" : "Example Publisher",
  "contact" : [{
    "name" : "Example Publisher",
    "telecom" : [{
      "system" : "url",
      "value" : "http://example.org/example-publisher"
    }]
  }],
  "packageId" : "fhir.example",
  "license" : "CC0-1.0",
  "fhirVersion" : ["4.0.1"],
  "dependsOn" : [{
    "id" : "hl7tx",
    "extension" : [{
      "url" : "http://hl7.org/fhir/tools/StructureDefinition/implementationguide-dependency-comment",
      "valueMarkdown" : "Automatically added as a dependency - all IGs depend on HL7 Terminology"
    }],
    "uri" : "http://terminology.hl7.org/ImplementationGuide/hl7.terminology",
    "packageId" : "hl7.terminology.r4",
    "version" : "6.5.0"
  },
  {
    "id" : "hl7ext",
    "extension" : [{
      "url" : "http://hl7.org/fhir/tools/StructureDefinition/implementationguide-dependency-comment",
      "valueMarkdown" : "Automatically added as a dependency - all IGs depend on the HL7 Extension Pack"
    }],
    "uri" : "http://hl7.org/fhir/extensions/ImplementationGuide/hl7.fhir.uv.extensions",
    "packageId" : "hl7.fhir.uv.extensions.r4",
    "version" : "5.2.0"
  },
  {
    "id" : "tw_gov_mohw_twcore",
    "uri" : "https://twcore.mohw.gov.tw/ig/twcore/ImplementationGuide/tw.gov.mohw.twcore",
    "packageId" : "tw.gov.mohw.twcore",
    "version" : "0.3.2"
  },
  {
    "id" : "hl7_fhir_uv_sdc",
    "uri" : "http://hl7.org/fhir/uv/sdc/ImplementationGuide/hl7.fhir.uv.sdc",
    "packageId" : "hl7.fhir.uv.sdc",
    "version" : "3.0.0"
  }],
  "definition" : {
    "extension" : [{
      "extension" : [{
        "url" : "code",
        "valueString" : "copyrightyear"
      },
      {
        "url" : "value",
        "valueString" : "2025+"
      }],
      "url" : "http://hl7.org/fhir/tools/StructureDefinition/ig-parameter"
    },
    {
      "extension" : [{
        "url" : "code",
        "valueString" : "releaselabel"
      },
      {
        "url" : "value",
        "valueString" : "ci-build"
      }],
      "url" : "http://hl7.org/fhir/tools/StructureDefinition/ig-parameter"
    },
    {
      "extension" : [{
        "url" : "code",
        "valueString" : "autoload-resources"
      },
      {
        "url" : "value",
        "valueString" : "true"
      }],
      "url" : "http://hl7.org/fhir/tools/StructureDefinition/ig-parameter"
    },
    {
      "extension" : [{
        "url" : "code",
        "valueString" : "path-liquid"
      },
      {
        "url" : "value",
        "valueString" : "template/liquid"
      }],
      "url" : "http://hl7.org/fhir/tools/StructureDefinition/ig-parameter"
    },
    {
      "extension" : [{
        "url" : "code",
        "valueString" : "path-liquid"
      },
      {
        "url" : "value",
        "valueString" : "input/liquid"
      }],
      "url" : "http://hl7.org/fhir/tools/StructureDefinition/ig-parameter"
    },
    {
      "extension" : [{
        "url" : "code",
        "valueString" : "path-qa"
      },
      {
        "url" : "value",
        "valueString" : "temp/qa"
      }],
      "url" : "http://hl7.org/fhir/tools/StructureDefinition/ig-parameter"
    },
    {
      "extension" : [{
        "url" : "code",
        "valueString" : "path-temp"
      },
      {
        "url" : "value",
        "valueString" : "temp/pages"
      }],
      "url" : "http://hl7.org/fhir/tools/StructureDefinition/ig-parameter"
    },
    {
      "extension" : [{
        "url" : "code",
        "valueString" : "path-output"
      },
      {
        "url" : "value",
        "valueString" : "output"
      }],
      "url" : "http://hl7.org/fhir/tools/StructureDefinition/ig-parameter"
    },
    {
      "extension" : [{
        "url" : "code",
        "valueString" : "path-suppressed-warnings"
      },
      {
        "url" : "value",
        "valueString" : "input/ignoreWarnings.txt"
      }],
      "url" : "http://hl7.org/fhir/tools/StructureDefinition/ig-parameter"
    },
    {
      "extension" : [{
        "url" : "code",
        "valueString" : "path-history"
      },
      {
        "url" : "value",
        "valueString" : "http://example.org/history.html"
      }],
      "url" : "http://hl7.org/fhir/tools/StructureDefinition/ig-parameter"
    },
    {
      "extension" : [{
        "url" : "code",
        "valueString" : "template-html"
      },
      {
        "url" : "value",
        "valueString" : "template-page.html"
      }],
      "url" : "http://hl7.org/fhir/tools/StructureDefinition/ig-parameter"
    },
    {
      "extension" : [{
        "url" : "code",
        "valueString" : "template-md"
      },
      {
        "url" : "value",
        "valueString" : "template-page-md.html"
      }],
      "url" : "http://hl7.org/fhir/tools/StructureDefinition/ig-parameter"
    },
    {
      "extension" : [{
        "url" : "code",
        "valueString" : "apply-contact"
      },
      {
        "url" : "value",
        "valueString" : "true"
      }],
      "url" : "http://hl7.org/fhir/tools/StructureDefinition/ig-parameter"
    },
    {
      "extension" : [{
        "url" : "code",
        "valueString" : "apply-context"
      },
      {
        "url" : "value",
        "valueString" : "true"
      }],
      "url" : "http://hl7.org/fhir/tools/StructureDefinition/ig-parameter"
    },
    {
      "extension" : [{
        "url" : "code",
        "valueString" : "apply-copyright"
      },
      {
        "url" : "value",
        "valueString" : "true"
      }],
      "url" : "http://hl7.org/fhir/tools/StructureDefinition/ig-parameter"
    },
    {
      "extension" : [{
        "url" : "code",
        "valueString" : "apply-jurisdiction"
      },
      {
        "url" : "value",
        "valueString" : "true"
      }],
      "url" : "http://hl7.org/fhir/tools/StructureDefinition/ig-parameter"
    },
    {
      "extension" : [{
        "url" : "code",
        "valueString" : "apply-license"
      },
      {
        "url" : "value",
        "valueString" : "true"
      }],
      "url" : "http://hl7.org/fhir/tools/StructureDefinition/ig-parameter"
    },
    {
      "extension" : [{
        "url" : "code",
        "valueString" : "apply-publisher"
      },
      {
        "url" : "value",
        "valueString" : "true"
      }],
      "url" : "http://hl7.org/fhir/tools/StructureDefinition/ig-parameter"
    },
    {
      "extension" : [{
        "url" : "code",
        "valueString" : "apply-version"
      },
      {
        "url" : "value",
        "valueString" : "true"
      }],
      "url" : "http://hl7.org/fhir/tools/StructureDefinition/ig-parameter"
    },
    {
      "extension" : [{
        "url" : "code",
        "valueString" : "apply-wg"
      },
      {
        "url" : "value",
        "valueString" : "true"
      }],
      "url" : "http://hl7.org/fhir/tools/StructureDefinition/ig-parameter"
    },
    {
      "extension" : [{
        "url" : "code",
        "valueString" : "active-tables"
      },
      {
        "url" : "value",
        "valueString" : "true"
      }],
      "url" : "http://hl7.org/fhir/tools/StructureDefinition/ig-parameter"
    },
    {
      "extension" : [{
        "url" : "code",
        "valueString" : "fmm-definition"
      },
      {
        "url" : "value",
        "valueString" : "http://hl7.org/fhir/versions.html#maturity"
      }],
      "url" : "http://hl7.org/fhir/tools/StructureDefinition/ig-parameter"
    },
    {
      "extension" : [{
        "url" : "code",
        "valueString" : "propagate-status"
      },
      {
        "url" : "value",
        "valueString" : "true"
      }],
      "url" : "http://hl7.org/fhir/tools/StructureDefinition/ig-parameter"
    },
    {
      "extension" : [{
        "url" : "code",
        "valueString" : "excludelogbinaryformat"
      },
      {
        "url" : "value",
        "valueString" : "true"
      }],
      "url" : "http://hl7.org/fhir/tools/StructureDefinition/ig-parameter"
    },
    {
      "extension" : [{
        "url" : "code",
        "valueString" : "tabbed-snapshots"
      },
      {
        "url" : "value",
        "valueString" : "true"
      }],
      "url" : "http://hl7.org/fhir/tools/StructureDefinition/ig-parameter"
    },
    {
      "url" : "http://hl7.org/fhir/tools/StructureDefinition/ig-internal-dependency",
      "valueCode" : "hl7.fhir.uv.tools.r4#0.8.0"
    },
    {
      "extension" : [{
        "url" : "code",
        "valueCode" : "copyrightyear"
      },
      {
        "url" : "value",
        "valueString" : "2025+"
      }],
      "url" : "http://hl7.org/fhir/tools/StructureDefinition/ig-parameter"
    },
    {
      "extension" : [{
        "url" : "code",
        "valueCode" : "releaselabel"
      },
      {
        "url" : "value",
        "valueString" : "ci-build"
      }],
      "url" : "http://hl7.org/fhir/tools/StructureDefinition/ig-parameter"
    },
    {
      "extension" : [{
        "url" : "code",
        "valueCode" : "autoload-resources"
      },
      {
        "url" : "value",
        "valueString" : "true"
      }],
      "url" : "http://hl7.org/fhir/tools/StructureDefinition/ig-parameter"
    },
    {
      "extension" : [{
        "url" : "code",
        "valueCode" : "path-liquid"
      },
      {
        "url" : "value",
        "valueString" : "template/liquid"
      }],
      "url" : "http://hl7.org/fhir/tools/StructureDefinition/ig-parameter"
    },
    {
      "extension" : [{
        "url" : "code",
        "valueCode" : "path-liquid"
      },
      {
        "url" : "value",
        "valueString" : "input/liquid"
      }],
      "url" : "http://hl7.org/fhir/tools/StructureDefinition/ig-parameter"
    },
    {
      "extension" : [{
        "url" : "code",
        "valueCode" : "path-qa"
      },
      {
        "url" : "value",
        "valueString" : "temp/qa"
      }],
      "url" : "http://hl7.org/fhir/tools/StructureDefinition/ig-parameter"
    },
    {
      "extension" : [{
        "url" : "code",
        "valueCode" : "path-temp"
      },
      {
        "url" : "value",
        "valueString" : "temp/pages"
      }],
      "url" : "http://hl7.org/fhir/tools/StructureDefinition/ig-parameter"
    },
    {
      "extension" : [{
        "url" : "code",
        "valueCode" : "path-output"
      },
      {
        "url" : "value",
        "valueString" : "output"
      }],
      "url" : "http://hl7.org/fhir/tools/StructureDefinition/ig-parameter"
    },
    {
      "extension" : [{
        "url" : "code",
        "valueCode" : "path-suppressed-warnings"
      },
      {
        "url" : "value",
        "valueString" : "input/ignoreWarnings.txt"
      }],
      "url" : "http://hl7.org/fhir/tools/StructureDefinition/ig-parameter"
    },
    {
      "extension" : [{
        "url" : "code",
        "valueCode" : "path-history"
      },
      {
        "url" : "value",
        "valueString" : "http://example.org/history.html"
      }],
      "url" : "http://hl7.org/fhir/tools/StructureDefinition/ig-parameter"
    },
    {
      "extension" : [{
        "url" : "code",
        "valueCode" : "template-html"
      },
      {
        "url" : "value",
        "valueString" : "template-page.html"
      }],
      "url" : "http://hl7.org/fhir/tools/StructureDefinition/ig-parameter"
    },
    {
      "extension" : [{
        "url" : "code",
        "valueCode" : "template-md"
      },
      {
        "url" : "value",
        "valueString" : "template-page-md.html"
      }],
      "url" : "http://hl7.org/fhir/tools/StructureDefinition/ig-parameter"
    },
    {
      "extension" : [{
        "url" : "code",
        "valueCode" : "apply-contact"
      },
      {
        "url" : "value",
        "valueString" : "true"
      }],
      "url" : "http://hl7.org/fhir/tools/StructureDefinition/ig-parameter"
    },
    {
      "extension" : [{
        "url" : "code",
        "valueCode" : "apply-context"
      },
      {
        "url" : "value",
        "valueString" : "true"
      }],
      "url" : "http://hl7.org/fhir/tools/StructureDefinition/ig-parameter"
    },
    {
      "extension" : [{
        "url" : "code",
        "valueCode" : "apply-copyright"
      },
      {
        "url" : "value",
        "valueString" : "true"
      }],
      "url" : "http://hl7.org/fhir/tools/StructureDefinition/ig-parameter"
    },
    {
      "extension" : [{
        "url" : "code",
        "valueCode" : "apply-jurisdiction"
      },
      {
        "url" : "value",
        "valueString" : "true"
      }],
      "url" : "http://hl7.org/fhir/tools/StructureDefinition/ig-parameter"
    },
    {
      "extension" : [{
        "url" : "code",
        "valueCode" : "apply-license"
      },
      {
        "url" : "value",
        "valueString" : "true"
      }],
      "url" : "http://hl7.org/fhir/tools/StructureDefinition/ig-parameter"
    },
    {
      "extension" : [{
        "url" : "code",
        "valueCode" : "apply-publisher"
      },
      {
        "url" : "value",
        "valueString" : "true"
      }],
      "url" : "http://hl7.org/fhir/tools/StructureDefinition/ig-parameter"
    },
    {
      "extension" : [{
        "url" : "code",
        "valueCode" : "apply-version"
      },
      {
        "url" : "value",
        "valueString" : "true"
      }],
      "url" : "http://hl7.org/fhir/tools/StructureDefinition/ig-parameter"
    },
    {
      "extension" : [{
        "url" : "code",
        "valueCode" : "apply-wg"
      },
      {
        "url" : "value",
        "valueString" : "true"
      }],
      "url" : "http://hl7.org/fhir/tools/StructureDefinition/ig-parameter"
    },
    {
      "extension" : [{
        "url" : "code",
        "valueCode" : "active-tables"
      },
      {
        "url" : "value",
        "valueString" : "true"
      }],
      "url" : "http://hl7.org/fhir/tools/StructureDefinition/ig-parameter"
    },
    {
      "extension" : [{
        "url" : "code",
        "valueCode" : "fmm-definition"
      },
      {
        "url" : "value",
        "valueString" : "http://hl7.org/fhir/versions.html#maturity"
      }],
      "url" : "http://hl7.org/fhir/tools/StructureDefinition/ig-parameter"
    },
    {
      "extension" : [{
        "url" : "code",
        "valueCode" : "propagate-status"
      },
      {
        "url" : "value",
        "valueString" : "true"
      }],
      "url" : "http://hl7.org/fhir/tools/StructureDefinition/ig-parameter"
    },
    {
      "extension" : [{
        "url" : "code",
        "valueCode" : "excludelogbinaryformat"
      },
      {
        "url" : "value",
        "valueString" : "true"
      }],
      "url" : "http://hl7.org/fhir/tools/StructureDefinition/ig-parameter"
    },
    {
      "extension" : [{
        "url" : "code",
        "valueCode" : "tabbed-snapshots"
      },
      {
        "url" : "value",
        "valueString" : "true"
      }],
      "url" : "http://hl7.org/fhir/tools/StructureDefinition/ig-parameter"
    }],
    "resource" : [{
      "extension" : [{
        "url" : "http://hl7.org/fhir/tools/StructureDefinition/resource-information",
        "valueString" : "Questionnaire"
      }],
      "reference" : {
        "reference" : "Questionnaire/ARATQuestionnaireInstance"
      },
      "name" : "ARAT上肢功能評估問卷",
      "description" : "ARAT上肢功能評估問卷的完整實例，根據Yozbatiran, Der-Yeghiaian, and Cramer(2008)建立，可提供實際使用 。亦可依據Profile: QuestionnaireProfile內容做為範本進行擴充",
      "exampleBoolean" : false
    },
    {
      "extension" : [{
        "url" : "http://hl7.org/fhir/tools/StructureDefinition/resource-information",
        "valueString" : "StructureDefinition:resource"
      }],
      "reference" : {
        "reference" : "StructureDefinition/ARATQuestionnaireResponse"
      },
      "name" : "ARAT上肢功能評估問卷回覆",
      "description" : "針對ARAT上肢功能評估問卷的QuestionnaireResponse Profile，強制回傳格式符合問卷結構",
      "exampleBoolean" : false
    },
    {
      "extension" : [{
        "url" : "http://hl7.org/fhir/tools/StructureDefinition/resource-information",
        "valueString" : "QuestionnaireResponse"
      }],
      "reference" : {
        "reference" : "QuestionnaireResponse/arat-response-example-001"
      },
      "name" : "ARAT問卷回覆範例",
      "description" : "一位中風患者進行ARAT上肢功能評估的完整問卷回覆範例，包含所有測試項目分數、完成時間及自動計算總分",
      "exampleCanonical" : "http://example.org/StructureDefinition/ARATQuestionnaireResponse"
    },
    {
      "extension" : [{
        "url" : "http://hl7.org/fhir/tools/StructureDefinition/resource-information",
        "valueString" : "Bundle"
      }],
      "reference" : {
        "reference" : "Bundle/arat-bundle-001"
      },
      "name" : "ARAT評估Bundle範例",
      "description" : "包含患者、治療師及問卷回覆的完整評估資料包",
      "exampleBoolean" : true
    },
    {
      "extension" : [{
        "url" : "http://hl7.org/fhir/tools/StructureDefinition/resource-information",
        "valueString" : "Encounter"
      }],
      "reference" : {
        "reference" : "Encounter/arat-assessment-encounter-001"
      },
      "name" : "ARAT評估會期",
      "description" : "進行ARAT評估的門診會期",
      "exampleCanonical" : "http://example.org/StructureDefinition/Encounter"
    },
    {
      "extension" : [{
        "url" : "http://hl7.org/fhir/tools/StructureDefinition/resource-information",
        "valueString" : "ValueSet"
      }],
      "reference" : {
        "reference" : "ValueSet/VSBarthelTotal"
      },
      "name" : "Barthel Index 總值集",
      "description" : "整合 Barthel Index 各題之所有選項值集",
      "exampleBoolean" : false
    },
    {
      "extension" : [{
        "url" : "http://hl7.org/fhir/tools/StructureDefinition/resource-information",
        "valueString" : "QuestionnaireResponse"
      }],
      "reference" : {
        "reference" : "QuestionnaireResponse/BarthelIndexExample"
      },
      "name" : "BarthelIndexExample",
      "exampleCanonical" : "http://example.org/StructureDefinition/BarthelQuestionnaireResponse"
    },
    {
      "extension" : [{
        "url" : "http://hl7.org/fhir/tools/StructureDefinition/resource-information",
        "valueString" : "QuestionnaireResponse"
      }],
      "reference" : {
        "reference" : "QuestionnaireResponse/BBTExample"
      },
      "name" : "BBTExample",
      "exampleCanonical" : "http://example.org/StructureDefinition/bbt-questionnaire-response"
    },
    {
      "extension" : [{
        "url" : "http://hl7.org/fhir/tools/StructureDefinition/resource-information",
        "valueString" : "StructureDefinition:resource"
      }],
      "reference" : {
        "reference" : "StructureDefinition/bbt-questionnaire-response"
      },
      "name" : "BBTQR",
      "description" : "Box and Block Test (BBT) 評估量表問卷回覆",
      "exampleBoolean" : false
    },
    {
      "extension" : [{
        "url" : "http://hl7.org/fhir/tools/StructureDefinition/resource-information",
        "valueString" : "Questionnaire"
      }],
      "reference" : {
        "reference" : "Questionnaire/BBTQuestionnaire"
      },
      "name" : "BBT評估量表",
      "description" : "評估手部功能",
      "exampleBoolean" : false
    },
    {
      "extension" : [{
        "url" : "http://hl7.org/fhir/tools/StructureDefinition/resource-information",
        "valueString" : "StructureDefinition:resource"
      }],
      "reference" : {
        "reference" : "StructureDefinition/ReponseBundle"
      },
      "name" : "Bundle-評估資料回傳",
      "description" : "此 Profile 定義了上肢功能評估資料須包含的資訊。",
      "exampleBoolean" : false
    },
    {
      "extension" : [{
        "url" : "http://hl7.org/fhir/tools/StructureDefinition/resource-information",
        "valueString" : "SearchParameter"
      }],
      "reference" : {
        "reference" : "SearchParameter/BundleId"
      },
      "name" : "BundleId",
      "description" : "搜尋Bundle的_id參數",
      "exampleBoolean" : false
    },
    {
      "extension" : [{
        "url" : "http://hl7.org/fhir/tools/StructureDefinition/resource-information",
        "valueString" : "SearchParameter"
      }],
      "reference" : {
        "reference" : "SearchParameter/BundleIdentifier"
      },
      "name" : "BundleIdentifier",
      "description" : "搜尋Bundle的identifier參數",
      "exampleBoolean" : false
    },
    {
      "extension" : [{
        "url" : "http://hl7.org/fhir/tools/StructureDefinition/resource-information",
        "valueString" : "StructureDefinition:resource"
      }],
      "reference" : {
        "reference" : "StructureDefinition/CarePlan"
      },
      "name" : "Care Plan",
      "description" : "照護計畫",
      "exampleBoolean" : false
    },
    {
      "extension" : [{
        "url" : "http://hl7.org/fhir/tools/StructureDefinition/resource-information",
        "valueString" : "SearchParameter"
      }],
      "reference" : {
        "reference" : "SearchParameter/CarePlanCategory"
      },
      "name" : "CarePlanCategory",
      "description" : "搜尋CarePlan的category參數",
      "exampleBoolean" : false
    },
    {
      "extension" : [{
        "url" : "http://hl7.org/fhir/tools/StructureDefinition/resource-information",
        "valueString" : "SearchParameter"
      }],
      "reference" : {
        "reference" : "SearchParameter/CarePlanDate"
      },
      "name" : "CarePlanDate",
      "description" : "搜尋CarePlan的date參數",
      "exampleBoolean" : false
    },
    {
      "extension" : [{
        "url" : "http://hl7.org/fhir/tools/StructureDefinition/resource-information",
        "valueString" : "SearchParameter"
      }],
      "reference" : {
        "reference" : "SearchParameter/CarePlanPatient"
      },
      "name" : "CarePlanPatient",
      "description" : "搜尋CarePlan的patient參數",
      "exampleBoolean" : false
    },
    {
      "extension" : [{
        "url" : "http://hl7.org/fhir/tools/StructureDefinition/resource-information",
        "valueString" : "SearchParameter"
      }],
      "reference" : {
        "reference" : "SearchParameter/CarePlanStatus"
      },
      "name" : "CarePlanStatus",
      "description" : "搜尋CarePlan的status參數",
      "exampleBoolean" : false
    },
    {
      "extension" : [{
        "url" : "http://hl7.org/fhir/tools/StructureDefinition/resource-information",
        "valueString" : "SearchParameter"
      }],
      "reference" : {
        "reference" : "SearchParameter/ConditionAbatementdate"
      },
      "name" : "ConditionAbatementdate",
      "description" : "搜尋Condition的abatement-date參數",
      "exampleBoolean" : false
    },
    {
      "extension" : [{
        "url" : "http://hl7.org/fhir/tools/StructureDefinition/resource-information",
        "valueString" : "SearchParameter"
      }],
      "reference" : {
        "reference" : "SearchParameter/ConditionClinicalstatus"
      },
      "name" : "ConditionClinicalstatus",
      "description" : "搜尋Condition的clinical-status參數",
      "exampleBoolean" : false
    },
    {
      "extension" : [{
        "url" : "http://hl7.org/fhir/tools/StructureDefinition/resource-information",
        "valueString" : "SearchParameter"
      }],
      "reference" : {
        "reference" : "SearchParameter/ConditionCode"
      },
      "name" : "ConditionCode",
      "description" : "搜尋Condition的code參數",
      "exampleBoolean" : false
    },
    {
      "extension" : [{
        "url" : "http://hl7.org/fhir/tools/StructureDefinition/resource-information",
        "valueString" : "SearchParameter"
      }],
      "reference" : {
        "reference" : "SearchParameter/ConditionId"
      },
      "name" : "ConditionId",
      "description" : "搜尋Condition的_id參數",
      "exampleBoolean" : false
    },
    {
      "extension" : [{
        "url" : "http://hl7.org/fhir/tools/StructureDefinition/resource-information",
        "valueString" : "SearchParameter"
      }],
      "reference" : {
        "reference" : "SearchParameter/ConditionOnsetdate"
      },
      "name" : "ConditionOnsetdate",
      "description" : "搜尋Condition的onset-date參數",
      "exampleBoolean" : false
    },
    {
      "extension" : [{
        "url" : "http://hl7.org/fhir/tools/StructureDefinition/resource-information",
        "valueString" : "SearchParameter"
      }],
      "reference" : {
        "reference" : "SearchParameter/ConditionSeverity"
      },
      "name" : "ConditionSeverity",
      "description" : "搜尋Condition的severity參數",
      "exampleBoolean" : false
    },
    {
      "extension" : [{
        "url" : "http://hl7.org/fhir/tools/StructureDefinition/resource-information",
        "valueString" : "SearchParameter"
      }],
      "reference" : {
        "reference" : "SearchParameter/ConditionSubject"
      },
      "name" : "ConditionSubject",
      "description" : "搜尋Condition的subject參數",
      "exampleBoolean" : false
    },
    {
      "extension" : [{
        "url" : "http://hl7.org/fhir/tools/StructureDefinition/resource-information",
        "valueString" : "CodeSystem"
      }],
      "reference" : {
        "reference" : "CodeSystem/mas-score"
      },
      "name" : "CSMAS",
      "exampleBoolean" : false
    },
    {
      "extension" : [{
        "url" : "http://hl7.org/fhir/tools/StructureDefinition/resource-information",
        "valueString" : "StructureDefinition:resource"
      }],
      "reference" : {
        "reference" : "StructureDefinition/Encounter"
      },
      "name" : "Encounter",
      "description" : "就醫事件的標準化定義。",
      "exampleBoolean" : false
    },
    {
      "extension" : [{
        "url" : "http://hl7.org/fhir/tools/StructureDefinition/resource-information",
        "valueString" : "SearchParameter"
      }],
      "reference" : {
        "reference" : "SearchParameter/EncounterClass"
      },
      "name" : "EncounterClass",
      "description" : "搜尋Encounter的class參數",
      "exampleBoolean" : false
    },
    {
      "extension" : [{
        "url" : "http://hl7.org/fhir/tools/StructureDefinition/resource-information",
        "valueString" : "SearchParameter"
      }],
      "reference" : {
        "reference" : "SearchParameter/EncounterDate"
      },
      "name" : "EncounterDate",
      "description" : "搜尋Encounter的date參數",
      "exampleBoolean" : false
    },
    {
      "extension" : [{
        "url" : "http://hl7.org/fhir/tools/StructureDefinition/resource-information",
        "valueString" : "SearchParameter"
      }],
      "reference" : {
        "reference" : "SearchParameter/EncounterId"
      },
      "name" : "EncounterId",
      "description" : "搜尋Encounter的_id參數",
      "exampleBoolean" : false
    },
    {
      "extension" : [{
        "url" : "http://hl7.org/fhir/tools/StructureDefinition/resource-information",
        "valueString" : "SearchParameter"
      }],
      "reference" : {
        "reference" : "SearchParameter/EncounterIdentifier"
      },
      "name" : "EncounterIdentifier",
      "description" : "搜尋Encounter的identifier參數",
      "exampleBoolean" : false
    },
    {
      "extension" : [{
        "url" : "http://hl7.org/fhir/tools/StructureDefinition/resource-information",
        "valueString" : "SearchParameter"
      }],
      "reference" : {
        "reference" : "SearchParameter/EncounterLocation"
      },
      "name" : "EncounterLocation",
      "description" : "搜尋Encounter的location參數",
      "exampleBoolean" : false
    },
    {
      "extension" : [{
        "url" : "http://hl7.org/fhir/tools/StructureDefinition/resource-information",
        "valueString" : "SearchParameter"
      }],
      "reference" : {
        "reference" : "SearchParameter/EncounterStatus"
      },
      "name" : "EncounterStatus",
      "description" : "搜尋Encounter的status參數",
      "exampleBoolean" : false
    },
    {
      "extension" : [{
        "url" : "http://hl7.org/fhir/tools/StructureDefinition/resource-information",
        "valueString" : "SearchParameter"
      }],
      "reference" : {
        "reference" : "SearchParameter/EncounterSubject"
      },
      "name" : "EncounterSubject",
      "description" : "搜尋Encounter的subject參數",
      "exampleBoolean" : false
    },
    {
      "extension" : [{
        "url" : "http://hl7.org/fhir/tools/StructureDefinition/resource-information",
        "valueString" : "StructureDefinition:resource"
      }],
      "reference" : {
        "reference" : "StructureDefinition/FMAUEMotionQuestionnaireResponse"
      },
      "name" : "FMAUE動作評估問卷回覆",
      "description" : "針對FMAUE上肢動作評估問卷的QuestionnaireResponse Profile，強制回傳格式符合問卷結構",
      "exampleBoolean" : false
    },
    {
      "extension" : [{
        "url" : "http://hl7.org/fhir/tools/StructureDefinition/resource-information",
        "valueString" : "StructureDefinition:resource"
      }],
      "reference" : {
        "reference" : "StructureDefinition/FMAUESensoryQuestionnaireResponse"
      },
      "name" : "FMAUE感覺評估問卷回覆",
      "description" : "針對FMAUE上肢感覺評估問卷的QuestionnaireResponse Profile，強制回傳格式符合問卷結構",
      "exampleBoolean" : false
    },
    {
      "extension" : [{
        "url" : "http://hl7.org/fhir/tools/StructureDefinition/resource-information",
        "valueString" : "Questionnaire"
      }],
      "reference" : {
        "reference" : "Questionnaire/FMAUEMotorQuestionnaireInstance"
      },
      "name" : "Fugl-Meyer上肢動作評估問卷",
      "description" : "衛福部Fugl-Meyer上肢動作評估問卷的完整實例，可提供實際使用。亦可依據Profile: QuestionnaireProfile內容做為範本進行擴充",
      "exampleBoolean" : false
    },
    {
      "extension" : [{
        "url" : "http://hl7.org/fhir/tools/StructureDefinition/resource-information",
        "valueString" : "QuestionnaireResponse"
      }],
      "reference" : {
        "reference" : "QuestionnaireResponse/FMAUEMotorQuestionnaireResponseExample"
      },
      "name" : "Fugl-Meyer上肢動作評估問卷回覆範例",
      "description" : "針對 Fugl-Meyer 上肢動作評估問卷的完整回覆範例，展示左側上肢動作功能評估結果",
      "exampleCanonical" : "http://example.org/StructureDefinition/SPACQuestionnaireResponse"
    },
    {
      "extension" : [{
        "url" : "http://hl7.org/fhir/tools/StructureDefinition/resource-information",
        "valueString" : "Questionnaire"
      }],
      "reference" : {
        "reference" : "Questionnaire/FMAUESensoryQuestionnaireInstance"
      },
      "name" : "Fugl-Meyer上肢感覺評估問卷",
      "description" : "衛福部Fugl-Meyer上肢感覺評估問卷的完整實例，可提供實際使用。亦可依據Profile: QuestionnaireProfile內容做為範本進行擴充",
      "exampleBoolean" : false
    },
    {
      "extension" : [{
        "url" : "http://hl7.org/fhir/tools/StructureDefinition/resource-information",
        "valueString" : "QuestionnaireResponse"
      }],
      "reference" : {
        "reference" : "QuestionnaireResponse/FMAUESensoryQuestionnaireResponseExample"
      },
      "name" : "Fugl-Meyer上肢感覺評估問卷回覆範例",
      "description" : "針對Fugl-Meyer上肢感覺評估問卷的完整回覆範例",
      "exampleCanonical" : "http://example.org/StructureDefinition/FMAUESensoryQuestionnaireResponse"
    },
    {
      "extension" : [{
        "url" : "http://hl7.org/fhir/tools/StructureDefinition/resource-information",
        "valueString" : "StructureDefinition:resource"
      }],
      "reference" : {
        "reference" : "StructureDefinition/Goal"
      },
      "name" : "Goal",
      "description" : "目標的標準化定義。",
      "exampleBoolean" : false
    },
    {
      "extension" : [{
        "url" : "http://hl7.org/fhir/tools/StructureDefinition/resource-information",
        "valueString" : "SearchParameter"
      }],
      "reference" : {
        "reference" : "SearchParameter/GoalDescription"
      },
      "name" : "GoalDescription",
      "description" : "搜尋Goal的description參數",
      "exampleBoolean" : false
    },
    {
      "extension" : [{
        "url" : "http://hl7.org/fhir/tools/StructureDefinition/resource-information",
        "valueString" : "SearchParameter"
      }],
      "reference" : {
        "reference" : "SearchParameter/GoalLifecyclestatus"
      },
      "name" : "GoalLifecyclestatus",
      "description" : "搜尋Goal的lifecycle-status參數",
      "exampleBoolean" : false
    },
    {
      "extension" : [{
        "url" : "http://hl7.org/fhir/tools/StructureDefinition/resource-information",
        "valueString" : "SearchParameter"
      }],
      "reference" : {
        "reference" : "SearchParameter/GoalPatient"
      },
      "name" : "GoalPatient",
      "description" : "搜尋Goal的patient參數",
      "exampleBoolean" : false
    },
    {
      "extension" : [{
        "url" : "http://hl7.org/fhir/tools/StructureDefinition/resource-information",
        "valueString" : "SearchParameter"
      }],
      "reference" : {
        "reference" : "SearchParameter/GoalTargetdate"
      },
      "name" : "GoalTargetdate",
      "description" : "搜尋Goal的target-date參數",
      "exampleBoolean" : false
    },
    {
      "extension" : [{
        "url" : "http://hl7.org/fhir/tools/StructureDefinition/resource-information",
        "valueString" : "StructureDefinition:resource"
      }],
      "reference" : {
        "reference" : "StructureDefinition/IADLQuestionnaireResponse"
      },
      "name" : "IADL評估問卷回覆",
      "description" : "針對IADL評估問卷的QuestionnaireResponse Profile，強制回傳格式符合問卷結構",
      "exampleBoolean" : false
    },
    {
      "extension" : [{
        "url" : "http://hl7.org/fhir/tools/StructureDefinition/resource-information",
        "valueString" : "QuestionnaireResponse"
      }],
      "reference" : {
        "reference" : "QuestionnaireResponse/IDALQuestionnaireResponseInstance"
      },
      "name" : "IDALQuestionnaireResponseInstance",
      "exampleCanonical" : "http://example.org/StructureDefinition/SPACQuestionnaireResponse"
    },
    {
      "extension" : [{
        "url" : "http://hl7.org/fhir/tools/StructureDefinition/resource-information",
        "valueString" : "Questionnaire"
      }],
      "reference" : {
        "reference" : "Questionnaire/IDALQuestionnaireInstance"
      },
      "name" : "IDAL評估問卷",
      "description" : "IADL評估問卷",
      "exampleBoolean" : false
    },
    {
      "extension" : [{
        "url" : "http://hl7.org/fhir/tools/StructureDefinition/resource-information",
        "valueString" : "ValueSet"
      }],
      "reference" : {
        "reference" : "ValueSet/mas-score"
      },
      "name" : "MAS 分數 (0,1,1+,2,3,4)",
      "exampleBoolean" : false
    },
    {
      "extension" : [{
        "url" : "http://hl7.org/fhir/tools/StructureDefinition/resource-information",
        "valueString" : "StructureDefinition:resource"
      }],
      "reference" : {
        "reference" : "StructureDefinition/MASQuestionnaireResponse"
      },
      "name" : "MAS 量表問卷回覆",
      "description" : "Modified Ashworth Scale (MAS) 評估量表問卷回覆",
      "exampleBoolean" : false
    },
    {
      "extension" : [{
        "url" : "http://hl7.org/fhir/tools/StructureDefinition/resource-information",
        "valueString" : "QuestionnaireResponse"
      }],
      "reference" : {
        "reference" : "QuestionnaireResponse/MASQuestionnaireResponseExample"
      },
      "name" : "MASQuestionnaireResponseExample",
      "exampleCanonical" : "http://example.org/StructureDefinition/MASQuestionnaireResponse"
    },
    {
      "extension" : [{
        "url" : "http://hl7.org/fhir/tools/StructureDefinition/resource-information",
        "valueString" : "Questionnaire"
      }],
      "reference" : {
        "reference" : "Questionnaire/MASQuestionnaireInstance"
      },
      "name" : "MAS評估量表",
      "description" : "評估肌肉張力",
      "exampleBoolean" : false
    },
    {
      "extension" : [{
        "url" : "http://hl7.org/fhir/tools/StructureDefinition/resource-information",
        "valueString" : "StructureDefinition:resource"
      }],
      "reference" : {
        "reference" : "StructureDefinition/MyMedicationAdministration"
      },
      "name" : "Medication Administration",
      "description" : "用藥資料",
      "exampleBoolean" : false
    },
    {
      "extension" : [{
        "url" : "http://hl7.org/fhir/tools/StructureDefinition/resource-information",
        "valueString" : "SearchParameter"
      }],
      "reference" : {
        "reference" : "SearchParameter/MedicationAdministrationCode"
      },
      "name" : "MedicationAdministrationCode",
      "description" : "Return administrations of this medication code",
      "exampleBoolean" : false
    },
    {
      "extension" : [{
        "url" : "http://hl7.org/fhir/tools/StructureDefinition/resource-information",
        "valueString" : "SearchParameter"
      }],
      "reference" : {
        "reference" : "SearchParameter/MedicationAdministrationContext"
      },
      "name" : "MedicationAdministrationContext",
      "description" : "Return administrations that share this encounter or episode of care",
      "exampleBoolean" : false
    },
    {
      "extension" : [{
        "url" : "http://hl7.org/fhir/tools/StructureDefinition/resource-information",
        "valueString" : "SearchParameter"
      }],
      "reference" : {
        "reference" : "SearchParameter/MedicationAdministrationDevice"
      },
      "name" : "MedicationAdministrationDevice",
      "description" : "Return administrations with this administration device identity",
      "exampleBoolean" : false
    },
    {
      "extension" : [{
        "url" : "http://hl7.org/fhir/tools/StructureDefinition/resource-information",
        "valueString" : "SearchParameter"
      }],
      "reference" : {
        "reference" : "SearchParameter/MedicationAdministrationEffectivetime"
      },
      "name" : "MedicationAdministrationEffectivetime",
      "description" : "Date administration happened (or did not happen)",
      "exampleBoolean" : false
    },
    {
      "extension" : [{
        "url" : "http://hl7.org/fhir/tools/StructureDefinition/resource-information",
        "valueString" : "SearchParameter"
      }],
      "reference" : {
        "reference" : "SearchParameter/MedicationAdministrationIdentifier"
      },
      "name" : "MedicationAdministrationIdentifier",
      "description" : "Return administrations with this external identifier",
      "exampleBoolean" : false
    },
    {
      "extension" : [{
        "url" : "http://hl7.org/fhir/tools/StructureDefinition/resource-information",
        "valueString" : "SearchParameter"
      }],
      "reference" : {
        "reference" : "SearchParameter/MedicationAdministrationMedication"
      },
      "name" : "MedicationAdministrationMedication",
      "description" : "Return administrations of this medication resource",
      "exampleBoolean" : false
    },
    {
      "extension" : [{
        "url" : "http://hl7.org/fhir/tools/StructureDefinition/resource-information",
        "valueString" : "SearchParameter"
      }],
      "reference" : {
        "reference" : "SearchParameter/MedicationAdministrationPatient"
      },
      "name" : "MedicationAdministrationPatient",
      "description" : "The identity of a patient to list administrations for",
      "exampleBoolean" : false
    },
    {
      "extension" : [{
        "url" : "http://hl7.org/fhir/tools/StructureDefinition/resource-information",
        "valueString" : "SearchParameter"
      }],
      "reference" : {
        "reference" : "SearchParameter/MedicationAdministrationPerformer"
      },
      "name" : "MedicationAdministrationPerformer",
      "description" : "The identity of the individual who administered the medication",
      "exampleBoolean" : false
    },
    {
      "extension" : [{
        "url" : "http://hl7.org/fhir/tools/StructureDefinition/resource-information",
        "valueString" : "SearchParameter"
      }],
      "reference" : {
        "reference" : "SearchParameter/MedicationAdministrationReasongiven"
      },
      "name" : "MedicationAdministrationReasongiven",
      "description" : "Reasons for administering the medication",
      "exampleBoolean" : false
    },
    {
      "extension" : [{
        "url" : "http://hl7.org/fhir/tools/StructureDefinition/resource-information",
        "valueString" : "SearchParameter"
      }],
      "reference" : {
        "reference" : "SearchParameter/MedicationAdministrationReasonnotgiven"
      },
      "name" : "MedicationAdministrationReasonnotgiven",
      "description" : "Reasons for not administering the medication",
      "exampleBoolean" : false
    },
    {
      "extension" : [{
        "url" : "http://hl7.org/fhir/tools/StructureDefinition/resource-information",
        "valueString" : "SearchParameter"
      }],
      "reference" : {
        "reference" : "SearchParameter/MedicationAdministrationRequest"
      },
      "name" : "MedicationAdministrationRequest",
      "description" : "The identity of a request to list administrations from",
      "exampleBoolean" : false
    },
    {
      "extension" : [{
        "url" : "http://hl7.org/fhir/tools/StructureDefinition/resource-information",
        "valueString" : "SearchParameter"
      }],
      "reference" : {
        "reference" : "SearchParameter/MedicationAdministrationStatus"
      },
      "name" : "MedicationAdministrationStatus",
      "description" : "MedicationAdministration event status (for example one of active/paused/completed/nullified)",
      "exampleBoolean" : false
    },
    {
      "extension" : [{
        "url" : "http://hl7.org/fhir/tools/StructureDefinition/resource-information",
        "valueString" : "SearchParameter"
      }],
      "reference" : {
        "reference" : "SearchParameter/MedicationAdministrationSubject"
      },
      "name" : "MedicationAdministrationSubject",
      "description" : "The identity of the individual or group to list administrations for",
      "exampleBoolean" : false
    },
    {
      "extension" : [{
        "url" : "http://hl7.org/fhir/tools/StructureDefinition/resource-information",
        "valueString" : "StructureDefinition:resource"
      }],
      "reference" : {
        "reference" : "StructureDefinition/MMSEQuestionnaireResponse"
      },
      "name" : "MMSE QuestionnaireResponse (scored)",
      "description" : "MMSE 回覆：分數題逐題填答，總分需等於所有分數項目加總。",
      "exampleBoolean" : false
    },
    {
      "extension" : [{
        "url" : "http://hl7.org/fhir/tools/StructureDefinition/resource-information",
        "valueString" : "QuestionnaireResponse"
      }],
      "reference" : {
        "reference" : "QuestionnaireResponse/MMSEQuestionnaireResponseExample"
      },
      "name" : "MMSEQuestionnaireResponseExample",
      "exampleCanonical" : "http://example.org/StructureDefinition/MMSEQuestionnaireResponse"
    },
    {
      "extension" : [{
        "url" : "http://hl7.org/fhir/tools/StructureDefinition/resource-information",
        "valueString" : "Questionnaire"
      }],
      "reference" : {
        "reference" : "Questionnaire/MMSEQuestionnaireInstance"
      },
      "name" : "MMSE評估量表",
      "description" : "簡易心智狀況檢查表 (Mini-Mental State Examination, MMSE)",
      "exampleBoolean" : false
    },
    {
      "extension" : [{
        "url" : "http://hl7.org/fhir/tools/StructureDefinition/resource-information",
        "valueString" : "Questionnaire"
      }],
      "reference" : {
        "reference" : "Questionnaire/MRCQuestionnaireInstance"
      },
      "name" : "MRC 評估量表",
      "description" : "MRC肌力測試 (Medical Research Council Scale)",
      "exampleBoolean" : false
    },
    {
      "extension" : [{
        "url" : "http://hl7.org/fhir/tools/StructureDefinition/resource-information",
        "valueString" : "StructureDefinition:resource"
      }],
      "reference" : {
        "reference" : "StructureDefinition/MRCQuestionnaireResponse"
      },
      "name" : "MRCQuestionnaireResponse",
      "description" : "MRC問卷回覆",
      "exampleBoolean" : false
    },
    {
      "extension" : [{
        "url" : "http://hl7.org/fhir/tools/StructureDefinition/resource-information",
        "valueString" : "QuestionnaireResponse"
      }],
      "reference" : {
        "reference" : "QuestionnaireResponse/MRCQuestionnaireResponseExample"
      },
      "name" : "MRCQuestionnaireResponseExample",
      "exampleCanonical" : "http://example.org/StructureDefinition/SPACQuestionnaireResponse"
    },
    {
      "extension" : [{
        "url" : "http://hl7.org/fhir/tools/StructureDefinition/resource-information",
        "valueString" : "CapabilityStatement"
      }],
      "reference" : {
        "reference" : "CapabilityStatement/MyFHIRClientCapabilityStatement"
      },
      "name" : "My FHIR Client Capability Statement",
      "description" : "此 CapabilityStatement 定義了用戶端（Client）應支援的 FHIR RESTful API 功能。用戶端建議應該（SHOULD）使用伺服端能力聲明中的查詢參數，支援讀取和查詢一個或多個 FHIR Profile。",
      "exampleBoolean" : false
    },
    {
      "extension" : [{
        "url" : "http://hl7.org/fhir/tools/StructureDefinition/resource-information",
        "valueString" : "CapabilityStatement"
      }],
      "reference" : {
        "reference" : "CapabilityStatement/MyFHIRServerCapabilityStatement"
      },
      "name" : "My FHIR Server Capability Statement",
      "description" : "此 CapabilityStatement 定義了伺服端必須支援的 FHIR RESTful API 功能",
      "exampleBoolean" : false
    },
    {
      "extension" : [{
        "url" : "http://hl7.org/fhir/tools/StructureDefinition/resource-information",
        "valueString" : "StructureDefinition:resource"
      }],
      "reference" : {
        "reference" : "StructureDefinition/ObservationScreeningAssessment"
      },
      "name" : "Observation Screening Assessment",
      "description" : "健康狀態篩檢與評估",
      "exampleBoolean" : false
    },
    {
      "extension" : [{
        "url" : "http://hl7.org/fhir/tools/StructureDefinition/resource-information",
        "valueString" : "SearchParameter"
      }],
      "reference" : {
        "reference" : "SearchParameter/ObservationCategory"
      },
      "name" : "ObservationCategory",
      "description" : "搜尋Observation的category參數",
      "exampleBoolean" : false
    },
    {
      "extension" : [{
        "url" : "http://hl7.org/fhir/tools/StructureDefinition/resource-information",
        "valueString" : "SearchParameter"
      }],
      "reference" : {
        "reference" : "SearchParameter/ObservationCode"
      },
      "name" : "ObservationCode",
      "description" : "搜尋Observation的code參數",
      "exampleBoolean" : false
    },
    {
      "extension" : [{
        "url" : "http://hl7.org/fhir/tools/StructureDefinition/resource-information",
        "valueString" : "SearchParameter"
      }],
      "reference" : {
        "reference" : "SearchParameter/ObservationDate"
      },
      "name" : "ObservationDate",
      "description" : "搜尋Observation的date參數",
      "exampleBoolean" : false
    },
    {
      "extension" : [{
        "url" : "http://hl7.org/fhir/tools/StructureDefinition/resource-information",
        "valueString" : "SearchParameter"
      }],
      "reference" : {
        "reference" : "SearchParameter/ObservationId"
      },
      "name" : "ObservationId",
      "description" : "搜尋Observation的_id參數",
      "exampleBoolean" : false
    },
    {
      "extension" : [{
        "url" : "http://hl7.org/fhir/tools/StructureDefinition/resource-information",
        "valueString" : "SearchParameter"
      }],
      "reference" : {
        "reference" : "SearchParameter/ObservationLastupdated"
      },
      "name" : "ObservationLastupdated",
      "description" : "搜尋Observation的_lastUpdated參數",
      "exampleBoolean" : false
    },
    {
      "extension" : [{
        "url" : "http://hl7.org/fhir/tools/StructureDefinition/resource-information",
        "valueString" : "SearchParameter"
      }],
      "reference" : {
        "reference" : "SearchParameter/ObservationPatient"
      },
      "name" : "ObservationPatient",
      "description" : "搜尋Observation的patient參數",
      "exampleBoolean" : false
    },
    {
      "extension" : [{
        "url" : "http://hl7.org/fhir/tools/StructureDefinition/resource-information",
        "valueString" : "SearchParameter"
      }],
      "reference" : {
        "reference" : "SearchParameter/ObservationPerformer"
      },
      "name" : "ObservationPerformer",
      "description" : "搜尋Observation的performer參數",
      "exampleBoolean" : false
    },
    {
      "extension" : [{
        "url" : "http://hl7.org/fhir/tools/StructureDefinition/resource-information",
        "valueString" : "SearchParameter"
      }],
      "reference" : {
        "reference" : "SearchParameter/ObservationStatus"
      },
      "name" : "ObservationStatus",
      "description" : "搜尋Observation的status參數",
      "exampleBoolean" : false
    },
    {
      "extension" : [{
        "url" : "http://hl7.org/fhir/tools/StructureDefinition/resource-information",
        "valueString" : "SearchParameter"
      }],
      "reference" : {
        "reference" : "SearchParameter/ObservationSubject"
      },
      "name" : "ObservationSubject",
      "description" : "搜尋Observation的subject參數",
      "exampleBoolean" : false
    },
    {
      "extension" : [{
        "url" : "http://hl7.org/fhir/tools/StructureDefinition/resource-information",
        "valueString" : "StructureDefinition:resource"
      }],
      "reference" : {
        "reference" : "StructureDefinition/Organization"
      },
      "name" : "Organization",
      "description" : "機構的標準化定義。",
      "exampleBoolean" : false
    },
    {
      "extension" : [{
        "url" : "http://hl7.org/fhir/tools/StructureDefinition/resource-information",
        "valueString" : "SearchParameter"
      }],
      "reference" : {
        "reference" : "SearchParameter/OrganizationId"
      },
      "name" : "OrganizationId",
      "description" : "搜尋Organization的_id參數",
      "exampleBoolean" : false
    },
    {
      "extension" : [{
        "url" : "http://hl7.org/fhir/tools/StructureDefinition/resource-information",
        "valueString" : "SearchParameter"
      }],
      "reference" : {
        "reference" : "SearchParameter/OrganizationIdentifier"
      },
      "name" : "OrganizationIdentifier",
      "description" : "搜尋Organization的identifier參數",
      "exampleBoolean" : false
    },
    {
      "extension" : [{
        "url" : "http://hl7.org/fhir/tools/StructureDefinition/resource-information",
        "valueString" : "SearchParameter"
      }],
      "reference" : {
        "reference" : "SearchParameter/OrganizationName"
      },
      "name" : "OrganizationName",
      "description" : "搜尋Organization的name參數",
      "exampleBoolean" : false
    },
    {
      "extension" : [{
        "url" : "http://hl7.org/fhir/tools/StructureDefinition/resource-information",
        "valueString" : "SearchParameter"
      }],
      "reference" : {
        "reference" : "SearchParameter/OrganizationType"
      },
      "name" : "OrganizationType",
      "description" : "搜尋Organization的type參數",
      "exampleBoolean" : false
    },
    {
      "extension" : [{
        "url" : "http://hl7.org/fhir/tools/StructureDefinition/resource-information",
        "valueString" : "StructureDefinition:resource"
      }],
      "reference" : {
        "reference" : "StructureDefinition/PACCarePlan"
      },
      "name" : "PACCarePlan",
      "description" : "PAC照護計畫的標準化定義的內容",
      "exampleBoolean" : false
    },
    {
      "extension" : [{
        "url" : "http://hl7.org/fhir/tools/StructureDefinition/resource-information",
        "valueString" : "StructureDefinition:resource"
      }],
      "reference" : {
        "reference" : "StructureDefinition/PACCondition"
      },
      "name" : "PACCondition",
      "description" : "進行患者上肢功能評估時的狀況資訊，應包含待評估身體部位或病徵。",
      "exampleBoolean" : false
    },
    {
      "extension" : [{
        "url" : "http://hl7.org/fhir/tools/StructureDefinition/resource-information",
        "valueString" : "StructureDefinition:resource"
      }],
      "reference" : {
        "reference" : "StructureDefinition/Procedure"
      },
      "name" : "PACProcedure",
      "description" : "PAC介入的標準化定義。",
      "exampleBoolean" : false
    },
    {
      "extension" : [{
        "url" : "http://hl7.org/fhir/tools/StructureDefinition/resource-information",
        "valueString" : "CarePlan"
      }],
      "reference" : {
        "reference" : "CarePlan/PACCarePlanExample"
      },
      "name" : "PAC照護計畫資料範例",
      "description" : "一個照護計畫的範例",
      "exampleCanonical" : "http://example.org/StructureDefinition/PACCarePlan"
    },
    {
      "extension" : [{
        "url" : "http://hl7.org/fhir/tools/StructureDefinition/resource-information",
        "valueString" : "MedicationAdministration"
      }],
      "reference" : {
        "reference" : "MedicationAdministration/PACMedicationAdministrationExample"
      },
      "name" : "PAC用藥資料範例",
      "description" : "一個用藥資料的範例",
      "exampleCanonical" : "http://example.org/StructureDefinition/MyMedicationAdministration"
    },
    {
      "extension" : [{
        "url" : "http://hl7.org/fhir/tools/StructureDefinition/resource-information",
        "valueString" : "StructureDefinition:resource"
      }],
      "reference" : {
        "reference" : "StructureDefinition/Patient"
      },
      "name" : "Patient",
      "description" : "病人的資料定義範例，包含姓名、識別碼等基本資訊",
      "exampleBoolean" : false
    },
    {
      "extension" : [{
        "url" : "http://hl7.org/fhir/tools/StructureDefinition/resource-information",
        "valueString" : "OperationDefinition"
      }],
      "reference" : {
        "reference" : "OperationDefinition/PatientEverythingOperation"
      },
      "name" : "Patient Everything Operation",
      "description" : "取得該病人完整相關資源快照，回傳一個包含所有相關資源的Bundle",
      "exampleBoolean" : false
    },
    {
      "extension" : [{
        "url" : "http://hl7.org/fhir/tools/StructureDefinition/resource-information",
        "valueString" : "SearchParameter"
      }],
      "reference" : {
        "reference" : "SearchParameter/PatientBirthdate"
      },
      "name" : "PatientBirthdate",
      "description" : "搜尋Patient的birthdate參數",
      "exampleBoolean" : false
    },
    {
      "extension" : [{
        "url" : "http://hl7.org/fhir/tools/StructureDefinition/resource-information",
        "valueString" : "SearchParameter"
      }],
      "reference" : {
        "reference" : "SearchParameter/PatientGender"
      },
      "name" : "PatientGender",
      "description" : "搜尋Patient的gender參數",
      "exampleBoolean" : false
    },
    {
      "extension" : [{
        "url" : "http://hl7.org/fhir/tools/StructureDefinition/resource-information",
        "valueString" : "SearchParameter"
      }],
      "reference" : {
        "reference" : "SearchParameter/PatientId"
      },
      "name" : "PatientId",
      "description" : "搜尋Patient的_id參數",
      "exampleBoolean" : false
    },
    {
      "extension" : [{
        "url" : "http://hl7.org/fhir/tools/StructureDefinition/resource-information",
        "valueString" : "SearchParameter"
      }],
      "reference" : {
        "reference" : "SearchParameter/PatientIdentifier"
      },
      "name" : "PatientIdentifier",
      "description" : "搜尋Patient的identifier參數",
      "exampleBoolean" : false
    },
    {
      "extension" : [{
        "url" : "http://hl7.org/fhir/tools/StructureDefinition/resource-information",
        "valueString" : "SearchParameter"
      }],
      "reference" : {
        "reference" : "SearchParameter/PatientName"
      },
      "name" : "PatientName",
      "description" : "搜尋Patient的name參數",
      "exampleBoolean" : false
    },
    {
      "extension" : [{
        "url" : "http://hl7.org/fhir/tools/StructureDefinition/resource-information",
        "valueString" : "StructureDefinition:resource"
      }],
      "reference" : {
        "reference" : "StructureDefinition/Practitioner"
      },
      "name" : "Practitioner",
      "description" : "健康照護服務提供者的標準化定義。",
      "exampleBoolean" : false
    },
    {
      "extension" : [{
        "url" : "http://hl7.org/fhir/tools/StructureDefinition/resource-information",
        "valueString" : "SearchParameter"
      }],
      "reference" : {
        "reference" : "SearchParameter/PractitionerId"
      },
      "name" : "PractitionerId",
      "description" : "搜尋Practitioner的_id參數",
      "exampleBoolean" : false
    },
    {
      "extension" : [{
        "url" : "http://hl7.org/fhir/tools/StructureDefinition/resource-information",
        "valueString" : "SearchParameter"
      }],
      "reference" : {
        "reference" : "SearchParameter/PractitionerIdentifier"
      },
      "name" : "PractitionerIdentifier",
      "description" : "搜尋Practitioner的identifier參數",
      "exampleBoolean" : false
    },
    {
      "extension" : [{
        "url" : "http://hl7.org/fhir/tools/StructureDefinition/resource-information",
        "valueString" : "SearchParameter"
      }],
      "reference" : {
        "reference" : "SearchParameter/PractitionerName"
      },
      "name" : "PractitionerName",
      "description" : "搜尋Practitioner的name參數",
      "exampleBoolean" : false
    },
    {
      "extension" : [{
        "url" : "http://hl7.org/fhir/tools/StructureDefinition/resource-information",
        "valueString" : "StructureDefinition:resource"
      }],
      "reference" : {
        "reference" : "StructureDefinition/PractitionerRole"
      },
      "name" : "PractitionerRole",
      "description" : "健康照護服務提供者角色的標準化定義。",
      "exampleBoolean" : false
    },
    {
      "extension" : [{
        "url" : "http://hl7.org/fhir/tools/StructureDefinition/resource-information",
        "valueString" : "SearchParameter"
      }],
      "reference" : {
        "reference" : "SearchParameter/PractitionerRoleId"
      },
      "name" : "PractitionerRoleId",
      "description" : "搜尋PractitionerRole的_id參數",
      "exampleBoolean" : false
    },
    {
      "extension" : [{
        "url" : "http://hl7.org/fhir/tools/StructureDefinition/resource-information",
        "valueString" : "SearchParameter"
      }],
      "reference" : {
        "reference" : "SearchParameter/PractitionerRoleIdentifier"
      },
      "name" : "PractitionerRoleIdentifier",
      "description" : "搜尋PractitionerRole的identifier參數",
      "exampleBoolean" : false
    },
    {
      "extension" : [{
        "url" : "http://hl7.org/fhir/tools/StructureDefinition/resource-information",
        "valueString" : "SearchParameter"
      }],
      "reference" : {
        "reference" : "SearchParameter/PractitionerRoleSpecialty"
      },
      "name" : "PractitionerRoleSpecialty",
      "description" : "搜尋PractitionerRole的specialty參數",
      "exampleBoolean" : false
    },
    {
      "extension" : [{
        "url" : "http://hl7.org/fhir/tools/StructureDefinition/resource-information",
        "valueString" : "SearchParameter"
      }],
      "reference" : {
        "reference" : "SearchParameter/ProcedureCode"
      },
      "name" : "ProcedureCode",
      "description" : "搜尋Procedure的code參數",
      "exampleBoolean" : false
    },
    {
      "extension" : [{
        "url" : "http://hl7.org/fhir/tools/StructureDefinition/resource-information",
        "valueString" : "SearchParameter"
      }],
      "reference" : {
        "reference" : "SearchParameter/ProcedureDate"
      },
      "name" : "ProcedureDate",
      "description" : "搜尋Procedure的date參數",
      "exampleBoolean" : false
    },
    {
      "extension" : [{
        "url" : "http://hl7.org/fhir/tools/StructureDefinition/resource-information",
        "valueString" : "SearchParameter"
      }],
      "reference" : {
        "reference" : "SearchParameter/ProcedureId"
      },
      "name" : "ProcedureId",
      "description" : "搜尋Procedure的_id參數",
      "exampleBoolean" : false
    },
    {
      "extension" : [{
        "url" : "http://hl7.org/fhir/tools/StructureDefinition/resource-information",
        "valueString" : "SearchParameter"
      }],
      "reference" : {
        "reference" : "SearchParameter/ProcedureStatus"
      },
      "name" : "ProcedureStatus",
      "description" : "搜尋Procedure的status參數",
      "exampleBoolean" : false
    },
    {
      "extension" : [{
        "url" : "http://hl7.org/fhir/tools/StructureDefinition/resource-information",
        "valueString" : "SearchParameter"
      }],
      "reference" : {
        "reference" : "SearchParameter/ProcedureSubject"
      },
      "name" : "ProcedureSubject",
      "description" : "搜尋Procedure的subject參數",
      "exampleBoolean" : false
    },
    {
      "extension" : [{
        "url" : "http://hl7.org/fhir/tools/StructureDefinition/resource-information",
        "valueString" : "SearchParameter"
      }],
      "reference" : {
        "reference" : "SearchParameter/QuestionnaireIdentifier"
      },
      "name" : "QuestionnaireIdentifier",
      "description" : "問卷識別碼",
      "exampleBoolean" : false
    },
    {
      "extension" : [{
        "url" : "http://hl7.org/fhir/tools/StructureDefinition/resource-information",
        "valueString" : "SearchParameter"
      }],
      "reference" : {
        "reference" : "SearchParameter/QuestionnaireLinkID"
      },
      "name" : "QuestionnaireLinkID",
      "description" : "問卷項目",
      "exampleBoolean" : false
    },
    {
      "extension" : [{
        "url" : "http://hl7.org/fhir/tools/StructureDefinition/resource-information",
        "valueString" : "SearchParameter"
      }],
      "reference" : {
        "reference" : "SearchParameter/QuestionnaireResponseAuthored"
      },
      "name" : "QuestionnaireResponseAuthored",
      "description" : "搜尋QuestionnaireResponse的authored參數",
      "exampleBoolean" : false
    },
    {
      "extension" : [{
        "url" : "http://hl7.org/fhir/tools/StructureDefinition/resource-information",
        "valueString" : "SearchParameter"
      }],
      "reference" : {
        "reference" : "SearchParameter/QuestionnaireResponseId"
      },
      "name" : "QuestionnaireResponseId",
      "description" : "搜尋QuestionnaireResponse的_id參數",
      "exampleBoolean" : false
    },
    {
      "extension" : [{
        "url" : "http://hl7.org/fhir/tools/StructureDefinition/resource-information",
        "valueString" : "SearchParameter"
      }],
      "reference" : {
        "reference" : "SearchParameter/QuestionnaireResponseLinkID"
      },
      "name" : "QuestionnaireResponseLinkID",
      "description" : "問卷標題",
      "exampleBoolean" : false
    },
    {
      "extension" : [{
        "url" : "http://hl7.org/fhir/tools/StructureDefinition/resource-information",
        "valueString" : "SearchParameter"
      }],
      "reference" : {
        "reference" : "SearchParameter/QuestionnaireResponsePatient"
      },
      "name" : "QuestionnaireResponsePatient",
      "description" : "搜尋QuestionnaireResponse的patient參數",
      "exampleBoolean" : false
    },
    {
      "extension" : [{
        "url" : "http://hl7.org/fhir/tools/StructureDefinition/resource-information",
        "valueString" : "SearchParameter"
      }],
      "reference" : {
        "reference" : "SearchParameter/QuestionnaireResponseQuestionnaire"
      },
      "name" : "QuestionnaireResponseQuestionnaire",
      "description" : "搜尋QuestionnaireResponse的questionnaire參數",
      "exampleBoolean" : false
    },
    {
      "extension" : [{
        "url" : "http://hl7.org/fhir/tools/StructureDefinition/resource-information",
        "valueString" : "SearchParameter"
      }],
      "reference" : {
        "reference" : "SearchParameter/QuestionnaireResponseStatus"
      },
      "name" : "QuestionnaireResponseStatus",
      "description" : "搜尋QuestionnaireResponse的status參數",
      "exampleBoolean" : false
    },
    {
      "extension" : [{
        "url" : "http://hl7.org/fhir/tools/StructureDefinition/resource-information",
        "valueString" : "SearchParameter"
      }],
      "reference" : {
        "reference" : "SearchParameter/QuestionnaireResponseSubject"
      },
      "name" : "QuestionnaireResponseSubject",
      "description" : "問卷回應主體",
      "exampleBoolean" : false
    },
    {
      "extension" : [{
        "url" : "http://hl7.org/fhir/tools/StructureDefinition/resource-information",
        "valueString" : "SearchParameter"
      }],
      "reference" : {
        "reference" : "SearchParameter/QuestionnaireTitle"
      },
      "name" : "QuestionnaireTitle",
      "description" : "問卷標題",
      "exampleBoolean" : false
    },
    {
      "extension" : [{
        "url" : "http://hl7.org/fhir/tools/StructureDefinition/resource-information",
        "valueString" : "Questionnaire"
      }],
      "reference" : {
        "reference" : "Questionnaire/WMFTQuestionnaireInstance"
      },
      "name" : "WMFT上肢功能評估問卷",
      "description" : "WMFT上肢功能評估問卷的完整實例，根據Wolf et al., 1995; Whitall, Savin, Harris-Love, & Waller, 2006建立，可提供實際使用 。亦可依據Profile: QuestionnaireProfile內容做為範本進行擴充",
      "exampleBoolean" : false
    },
    {
      "extension" : [{
        "url" : "http://hl7.org/fhir/tools/StructureDefinition/resource-information",
        "valueString" : "StructureDefinition:resource"
      }],
      "reference" : {
        "reference" : "StructureDefinition/WMFTQuestionnaireResponse"
      },
      "name" : "WMFT上肢功能評估問卷回覆",
      "description" : "針對WMFT上肢功能評估問卷的QuestionnaireResponse Profile，強制回傳格式符合問卷結構",
      "exampleBoolean" : false
    },
    {
      "extension" : [{
        "url" : "http://hl7.org/fhir/tools/StructureDefinition/resource-information",
        "valueString" : "QuestionnaireResponse"
      }],
      "reference" : {
        "reference" : "QuestionnaireResponse/WMFTQuestionnaireResponseExample"
      },
      "name" : "WMFT上肢功能評估問卷回覆範例",
      "description" : "針對 WMFT 上肢功能評估問卷的完整回覆範例，展示右側上肢功能評估結果，包含功能評分與完成時間記錄",
      "exampleCanonical" : "http://example.org/StructureDefinition/WMFTQuestionnaireResponse"
    },
    {
      "extension" : [{
        "url" : "http://hl7.org/fhir/tools/StructureDefinition/resource-information",
        "valueString" : "ValueSet"
      }],
      "reference" : {
        "reference" : "ValueSet/VSBarthelStairs"
      },
      "name" : "上下樓梯-選項",
      "exampleBoolean" : false
    },
    {
      "extension" : [{
        "url" : "http://hl7.org/fhir/tools/StructureDefinition/resource-information",
        "valueString" : "ValueSet"
      }],
      "reference" : {
        "reference" : "ValueSet/VSBarthelToiletUse"
      },
      "name" : "上廁所-選項",
      "exampleBoolean" : false
    },
    {
      "extension" : [{
        "url" : "http://hl7.org/fhir/tools/StructureDefinition/resource-information",
        "valueString" : "Patient"
      }],
      "reference" : {
        "reference" : "Patient/stroke-patient-001"
      },
      "name" : "中風患者範例",
      "description" : "右側中風患者，接受左側上肢功能評估",
      "exampleCanonical" : "http://example.org/StructureDefinition/Patient"
    },
    {
      "extension" : [{
        "url" : "http://hl7.org/fhir/tools/StructureDefinition/resource-information",
        "valueString" : "Procedure"
      }],
      "reference" : {
        "reference" : "Procedure/ProcedureExample"
      },
      "name" : "介入資料範例",
      "description" : "一個介入的範例",
      "exampleCanonical" : "http://example.org/StructureDefinition/Procedure"
    },
    {
      "extension" : [{
        "url" : "http://hl7.org/fhir/tools/StructureDefinition/resource-information",
        "valueString" : "ValueSet"
      }],
      "reference" : {
        "reference" : "ValueSet/VSBarthelGrooming"
      },
      "name" : "個人衛生-選項",
      "exampleBoolean" : false
    },
    {
      "extension" : [{
        "url" : "http://hl7.org/fhir/tools/StructureDefinition/resource-information",
        "valueString" : "PractitionerRole"
      }],
      "reference" : {
        "reference" : "PractitionerRole/PractitionerRoleExample"
      },
      "name" : "健康照護服務提供者角色資料範例",
      "description" : "一名健康照護服務提供者角色的範例",
      "exampleCanonical" : "http://example.org/StructureDefinition/PractitionerRole"
    },
    {
      "extension" : [{
        "url" : "http://hl7.org/fhir/tools/StructureDefinition/resource-information",
        "valueString" : "Observation"
      }],
      "reference" : {
        "reference" : "Observation/ObservationScreeningAssessmentExample"
      },
      "name" : "健康狀態篩檢與評估範例",
      "description" : "一個健康狀態篩檢與評估的範例",
      "exampleCanonical" : "http://example.org/StructureDefinition/ObservationScreeningAssessment"
    },
    {
      "extension" : [{
        "url" : "http://hl7.org/fhir/tools/StructureDefinition/resource-information",
        "valueString" : "ValueSet"
      }],
      "reference" : {
        "reference" : "ValueSet/VSBarthelBowels"
      },
      "name" : "大便控制-選項",
      "exampleBoolean" : false
    },
    {
      "extension" : [{
        "url" : "http://hl7.org/fhir/tools/StructureDefinition/resource-information",
        "valueString" : "ValueSet"
      }],
      "reference" : {
        "reference" : "ValueSet/VSBarthelBladder"
      },
      "name" : "小便控制-選項",
      "exampleBoolean" : false
    },
    {
      "extension" : [{
        "url" : "http://hl7.org/fhir/tools/StructureDefinition/resource-information",
        "valueString" : "Questionnaire"
      }],
      "reference" : {
        "reference" : "Questionnaire/BarthelQuestionnaireInstance"
      },
      "name" : "巴氏量表",
      "description" : "巴氏量表 (Barthel Index)",
      "exampleBoolean" : false
    },
    {
      "extension" : [{
        "url" : "http://hl7.org/fhir/tools/StructureDefinition/resource-information",
        "valueString" : "StructureDefinition:resource"
      }],
      "reference" : {
        "reference" : "StructureDefinition/BarthelQuestionnaireResponse"
      },
      "name" : "巴氏量表問卷回覆",
      "description" : "針對巴氏量表問卷的QuestionnaireResponse Profile，強制回傳格式符合問卷結構",
      "exampleBoolean" : false
    },
    {
      "extension" : [{
        "url" : "http://hl7.org/fhir/tools/StructureDefinition/resource-information",
        "valueString" : "ValueSet"
      }],
      "reference" : {
        "reference" : "ValueSet/VSBarthelMobility"
      },
      "name" : "平地行走-選項",
      "exampleBoolean" : false
    },
    {
      "extension" : [{
        "url" : "http://hl7.org/fhir/tools/StructureDefinition/resource-information",
        "valueString" : "Practitioner"
      }],
      "reference" : {
        "reference" : "Practitioner/ot-therapist-001"
      },
      "name" : "復健治療師範例",
      "description" : "執行ARAT評估的職能治療師",
      "exampleCanonical" : "http://example.org/StructureDefinition/Practitioner"
    },
    {
      "extension" : [{
        "url" : "http://hl7.org/fhir/tools/StructureDefinition/resource-information",
        "valueString" : "Organization"
      }],
      "reference" : {
        "reference" : "Organization/OrganizationExample"
      },
      "name" : "機構資料範例",
      "description" : "一個機構的範例",
      "exampleCanonical" : "http://example.org/StructureDefinition/Organization"
    },
    {
      "extension" : [{
        "url" : "http://hl7.org/fhir/tools/StructureDefinition/resource-information",
        "valueString" : "ValueSet"
      }],
      "reference" : {
        "reference" : "ValueSet/VSBarthelBathing"
      },
      "name" : "洗澡-選項",
      "exampleBoolean" : false
    },
    {
      "extension" : [{
        "url" : "http://hl7.org/fhir/tools/StructureDefinition/resource-information",
        "valueString" : "CarePlan"
      }],
      "reference" : {
        "reference" : "CarePlan/CarePlanExample"
      },
      "name" : "照護計畫資料範例",
      "description" : "一個照護計畫的範例",
      "exampleCanonical" : "http://example.org/StructureDefinition/CarePlan"
    },
    {
      "extension" : [{
        "url" : "http://hl7.org/fhir/tools/StructureDefinition/resource-information",
        "valueString" : "MedicationAdministration"
      }],
      "reference" : {
        "reference" : "MedicationAdministration/MyMedicationAdministrationExample"
      },
      "name" : "用藥資料範例",
      "description" : "一個用藥資料的範例",
      "exampleCanonical" : "http://example.org/StructureDefinition/MyMedicationAdministration"
    },
    {
      "extension" : [{
        "url" : "http://hl7.org/fhir/tools/StructureDefinition/resource-information",
        "valueString" : "Goal"
      }],
      "reference" : {
        "reference" : "Goal/GoalExample"
      },
      "name" : "目標資料範例",
      "description" : "一個目標的範例",
      "exampleCanonical" : "http://example.org/StructureDefinition/Goal"
    },
    {
      "extension" : [{
        "url" : "http://hl7.org/fhir/tools/StructureDefinition/resource-information",
        "valueString" : "ValueSet"
      }],
      "reference" : {
        "reference" : "ValueSet/VSBarthelTransfer"
      },
      "name" : "移位-選項",
      "exampleBoolean" : false
    },
    {
      "extension" : [{
        "url" : "http://hl7.org/fhir/tools/StructureDefinition/resource-information",
        "valueString" : "ValueSet"
      }],
      "reference" : {
        "reference" : "ValueSet/VSBarthelDressing"
      },
      "name" : "穿脫衣服-選項",
      "exampleBoolean" : false
    },
    {
      "extension" : [{
        "url" : "http://hl7.org/fhir/tools/StructureDefinition/resource-information",
        "valueString" : "ValueSet"
      }],
      "reference" : {
        "reference" : "ValueSet/assessment-side-valueset"
      },
      "name" : "評估側別選項",
      "description" : "受試者評估側別選項",
      "exampleBoolean" : false
    },
    {
      "extension" : [{
        "url" : "http://hl7.org/fhir/tools/StructureDefinition/resource-information",
        "valueString" : "StructureDefinition:resource"
      }],
      "reference" : {
        "reference" : "StructureDefinition/SPACQuestionnaire"
      },
      "name" : "評估問卷",
      "description" : "評估問卷的結構化定義，實際問卷內容請參考Structure: Questionnaire，可依據前者內容做為範本進行擴充",
      "exampleBoolean" : false
    },
    {
      "extension" : [{
        "url" : "http://hl7.org/fhir/tools/StructureDefinition/resource-information",
        "valueString" : "StructureDefinition:resource"
      }],
      "reference" : {
        "reference" : "StructureDefinition/SPACQuestionnaireResponse"
      },
      "name" : "評估問卷回覆",
      "description" : "問卷回覆的結構化定義，實際問回覆內容可參考Examples，可依據前者內容做為範本進行擴充",
      "exampleBoolean" : false
    },
    {
      "extension" : [{
        "url" : "http://hl7.org/fhir/tools/StructureDefinition/resource-information",
        "valueString" : "ValueSet"
      }],
      "reference" : {
        "reference" : "ValueSet/VSBodyStructure"
      },
      "name" : "身體部位與結構對應之Snomed CT 代碼",
      "description" : "收錄復健可能會使用到的身體部位代碼",
      "exampleBoolean" : false
    },
    {
      "extension" : [{
        "url" : "http://hl7.org/fhir/tools/StructureDefinition/resource-information",
        "valueString" : "ValueSet"
      }],
      "reference" : {
        "reference" : "ValueSet/VSBarthelFeeding"
      },
      "name" : "進食-選項",
      "exampleBoolean" : false
    },
    {
      "extension" : [{
        "url" : "http://hl7.org/fhir/tools/StructureDefinition/resource-information",
        "valueString" : "StructureDefinition:extension"
      }],
      "reference" : {
        "reference" : "StructureDefinition/test-time-extension"
      },
      "name" : "項目測試時間",
      "description" : "記錄單一測試項目的完成時間",
      "exampleBoolean" : false
    }],
    "page" : {
      "extension" : [{
        "url" : "http://hl7.org/fhir/tools/StructureDefinition/ig-page-name",
        "valueUrl" : "toc.html"
      }],
      "nameUrl" : "toc.html",
      "title" : "Table of Contents",
      "generation" : "html",
      "page" : [{
        "extension" : [{
          "url" : "http://hl7.org/fhir/tools/StructureDefinition/ig-page-name",
          "valueUrl" : "index.html"
        }],
        "nameUrl" : "index.html",
        "title" : "應用說明",
        "generation" : "markdown"
      },
      {
        "extension" : [{
          "url" : "http://hl7.org/fhir/tools/StructureDefinition/ig-page-name",
          "valueUrl" : "regulation.html"
        }],
        "nameUrl" : "regulation.html",
        "title" : "規範文件",
        "generation" : "markdown"
      },
      {
        "extension" : [{
          "url" : "http://hl7.org/fhir/tools/StructureDefinition/ig-page-name",
          "valueUrl" : "example.html"
        }],
        "nameUrl" : "example.html",
        "title" : "範例",
        "generation" : "markdown",
        "page" : [{
          "extension" : [{
            "url" : "http://hl7.org/fhir/tools/StructureDefinition/ig-page-name",
            "valueUrl" : "capability.html"
          }],
          "nameUrl" : "capability.html",
          "title" : "能力聲明",
          "generation" : "markdown"
        },
        {
          "extension" : [{
            "url" : "http://hl7.org/fhir/tools/StructureDefinition/ig-page-name",
            "valueUrl" : "parameter.html"
          }],
          "nameUrl" : "parameter.html",
          "title" : "查詢參數及操作定義",
          "generation" : "markdown"
        },
        {
          "extension" : [{
            "url" : "http://hl7.org/fhir/tools/StructureDefinition/ig-page-name",
            "valueUrl" : "logic.html"
          }],
          "nameUrl" : "logic.html",
          "title" : "邏輯模型",
          "generation" : "markdown"
        },
        {
          "extension" : [{
            "url" : "http://hl7.org/fhir/tools/StructureDefinition/ig-page-name",
            "valueUrl" : "extension.html"
          }],
          "nameUrl" : "extension.html",
          "title" : "FHIR Profiles及Extensions",
          "generation" : "markdown"
        },
        {
          "extension" : [{
            "url" : "http://hl7.org/fhir/tools/StructureDefinition/ig-page-name",
            "valueUrl" : "terminology.html"
          }],
          "nameUrl" : "terminology.html",
          "title" : "專門術語",
          "generation" : "markdown"
        }]
      },
      {
        "extension" : [{
          "url" : "http://hl7.org/fhir/tools/StructureDefinition/ig-page-name",
          "valueUrl" : "download.html"
        }],
        "nameUrl" : "download.html",
        "title" : "結構定義與範例檔下載",
        "generation" : "markdown"
      },
      {
        "extension" : [{
          "url" : "http://hl7.org/fhir/tools/StructureDefinition/ig-page-name",
          "valueUrl" : "security.html"
        }],
        "nameUrl" : "security.html",
        "title" : "安全性",
        "generation" : "markdown"
      }]
    },
    "parameter" : [{
      "code" : "path-resource",
      "value" : "input/capabilities"
    },
    {
      "code" : "path-resource",
      "value" : "input/examples"
    },
    {
      "code" : "path-resource",
      "value" : "input/extensions"
    },
    {
      "code" : "path-resource",
      "value" : "input/models"
    },
    {
      "code" : "path-resource",
      "value" : "input/operations"
    },
    {
      "code" : "path-resource",
      "value" : "input/profiles"
    },
    {
      "code" : "path-resource",
      "value" : "input/resources"
    },
    {
      "code" : "path-resource",
      "value" : "input/vocabulary"
    },
    {
      "code" : "path-resource",
      "value" : "input/maps"
    },
    {
      "code" : "path-resource",
      "value" : "input/testing"
    },
    {
      "code" : "path-resource",
      "value" : "input/history"
    },
    {
      "code" : "path-resource",
      "value" : "fsh-generated/resources"
    },
    {
      "code" : "path-pages",
      "value" : "template/config"
    },
    {
      "code" : "path-pages",
      "value" : "input/images"
    },
    {
      "code" : "path-tx-cache",
      "value" : "input-cache/txcache"
    }]
  }
}