{
  "resourceType" : "MedicationAdministration",
  "id" : "MyMedicationAdministrationExample",
  "meta" : {
    "profile" : ["http://example.org/StructureDefinition/MyMedicationAdministration"]
  },
  "text" : {
    "status" : "generated",
    "div" : "<div xmlns=\"http://www.w3.org/1999/xhtml\"><p class=\"res-header-id\"><b>Generated Narrative: MedicationAdministration MyMedicationAdministrationExample</b></p><a name=\"MyMedicationAdministrationExample\"> </a><a name=\"hcMyMedicationAdministrationExample\"> </a><div style=\"display: inline-block; background-color: #d9e0e7; padding: 6px; margin: 4px; border: 1px solid #8da1b4; border-radius: 5px; line-height: 60%\"><p style=\"margin-bottom: 0px\"/><p style=\"margin-bottom: 0px\">Profile: <a href=\"StructureDefinition-MyMedicationAdministration.html\">Medication Administration</a></p></div><p><b>status</b>: Completed</p><p><b>medication</b>: <span title=\"Codes:\">阿莫西林 500mg</span></p><p><b>subject</b>: <a href=\"Patient/example\">Patient/example</a></p><p><b>effective</b>: 2025-10-16 10:00:00+0800</p></div>"
  },
  "status" : "completed",
  "medicationCodeableConcept" : {
    "text" : "阿莫西林 500mg"
  },
  "subject" : {
    "reference" : "Patient/example"
  },
  "effectiveDateTime" : "2025-10-16T10:00:00+08:00"
}