{
  "resourceType" : "Observation",
  "id" : "ObservationScreeningAssessmentExample",
  "meta" : {
    "profile" : ["http://example.org/StructureDefinition/ObservationScreeningAssessment"]
  },
  "text" : {
    "status" : "generated",
    "div" : "<div xmlns=\"http://www.w3.org/1999/xhtml\"><p class=\"res-header-id\"><b>Generated Narrative: Observation ObservationScreeningAssessmentExample</b></p><a name=\"ObservationScreeningAssessmentExample\"> </a><a name=\"hcObservationScreeningAssessmentExample\"> </a><div style=\"display: inline-block; background-color: #d9e0e7; padding: 6px; margin: 4px; border: 1px solid #8da1b4; border-radius: 5px; line-height: 60%\"><p style=\"margin-bottom: 0px\"/><p style=\"margin-bottom: 0px\">Profile: <a href=\"StructureDefinition-ObservationScreeningAssessment.html\">Observation Screening Assessment</a></p></div><p><b>status</b>: Final</p><p><b>category</b>: <span title=\"Codes:{http://terminology.hl7.org/CodeSystem/observation-category survey}\">Survey</span></p><p><b>code</b>: <span title=\"Codes:\">Health Status Screening</span></p><p><b>subject</b>: <a href=\"Patient/example\">Patient/example</a></p></div>"
  },
  "status" : "final",
  "category" : [{
    "coding" : [{
      "system" : "http://terminology.hl7.org/CodeSystem/observation-category",
      "code" : "survey"
    }]
  }],
  "code" : {
    "coding" : [{
      "system" : "http://loinc.org",
      "display" : "Health Status Screening"
    }]
  },
  "subject" : {
    "reference" : "Patient/example"
  }
}