{
  "resourceType" : "OperationDefinition",
  "id" : "PatientEverythingOperation",
  "text" : {
    "status" : "generated",
    "div" : "<div xmlns=\"http://www.w3.org/1999/xhtml\"><p class=\"res-header-id\"><b>Generated Narrative: OperationDefinition PatientEverythingOperation</b></p><a name=\"PatientEverythingOperation\"> </a><a name=\"hcPatientEverythingOperation\"> </a><p>URL: [base]/Patient/[id]/$everything</p><h3>Parameters</h3><table class=\"grid\"><tr><td><b>Use</b></td><td><b>Name</b></td><td><b>Scope</b></td><td><b>Cardinality</b></td><td><b>Type</b></td><td><b>Binding</b></td><td><b>Documentation</b></td></tr><tr><td>OUT</td><td>return</td><td/><td>1..1</td><td><a href=\"http://hl7.org/fhir/R4/bundle.html\">Bundle</a></td><td/><td><div><p>包含所有相關資源的Bundle</p>\n</div></td></tr></table></div>"
  },
  "url" : "http://example.org/fhir/OperationDefinition/Patient-everything",
  "version" : "0.1.0",
  "name" : "PatientEverythingOperation",
  "title" : "Patient Everything Operation",
  "status" : "active",
  "kind" : "operation",
  "date" : "2025-10-28T11:34:57+08:00",
  "publisher" : "Example Publisher",
  "contact" : [{
    "name" : "Example Publisher",
    "telecom" : [{
      "system" : "url",
      "value" : "http://example.org/example-publisher"
    }]
  }],
  "description" : "取得該病人完整相關資源快照，回傳一個包含所有相關資源的Bundle",
  "code" : "everything",
  "resource" : ["Patient"],
  "system" : false,
  "type" : false,
  "instance" : true,
  "parameter" : [{
    "name" : "return",
    "use" : "out",
    "min" : 1,
    "max" : "1",
    "documentation" : "包含所有相關資源的Bundle",
    "type" : "Bundle"
  }]
}