<?xml version="1.0" encoding="UTF-8"?>

<Organization xmlns="http://hl7.org/fhir">
  <id value="OrganizationExample"/>
  <meta>
    <profile value="http://example.org/StructureDefinition/Organization"/>
  </meta>
  <text>
    <status value="generated"/><div xmlns="http://www.w3.org/1999/xhtml"><p class="res-header-id"><b>Generated Narrative: Organization OrganizationExample</b></p><a name="OrganizationExample"> </a><a name="hcOrganizationExample"> </a><div style="display: inline-block; background-color: #d9e0e7; padding: 6px; margin: 4px; border: 1px solid #8da1b4; border-radius: 5px; line-height: 60%"><p style="margin-bottom: 0px"/><p style="margin-bottom: 0px">Profile: <a href="StructureDefinition-Organization.html">Organization</a></p></div><p><b>identifier</b>: <code>http://hospital.mohw.gov.tw/orgID</code>/12345678</p><p><b>active</b>: true</p><p><b>name</b>: 台灣健康醫院</p><p><b>address</b>: 123 健康路 臺北市 中正區 100 </p></div>
  </text>
  <identifier>
    <system value="http://hospital.mohw.gov.tw/orgID"/>
    <value value="12345678"/>
  </identifier>
  <active value="true"/>
  <name value="台灣健康醫院"/>
  <address>
    <line value="123 健康路"/>
    <city value="臺北市"/>
    <state value="中正區"/>
    <postalCode value="100"/>
  </address>
</Organization>