<?xml version="1.0" encoding="UTF-8"?>

<Patient xmlns="http://hl7.org/fhir">
  <id value="stroke-patient-001"/>
  <meta>
    <profile value="http://example.org/StructureDefinition/Patient"/>
  </meta>
  <text>
    <status value="generated"/><div xmlns="http://www.w3.org/1999/xhtml"><p class="res-header-id"><b>Generated Narrative: Patient stroke-patient-001</b></p><a name="stroke-patient-001"> </a><a name="hcstroke-patient-001"> </a><div style="display: inline-block; background-color: #d9e0e7; padding: 6px; margin: 4px; border: 1px solid #8da1b4; border-radius: 5px; line-height: 60%"><p style="margin-bottom: 0px"/><p style="margin-bottom: 0px">Profile: <a href="StructureDefinition-Patient.html">Patient</a></p></div><p style="border: 1px #661aff solid; background-color: #e6e6ff; padding: 10px;">先生 張 (official) Male, DoB: 1965-03-15 ( http://example.org/mrn#12345)</p><hr/><table class="grid"><tr><td style="background-color: #f3f5da" title="Record is active">Active:</td><td colspan="3">true</td></tr><tr><td style="background-color: #f3f5da" title="Ways to contact the Patient">Contact Detail</td><td colspan="3">台北市 台灣 </td></tr></table></div>
  </text>
  <identifier>
    <system value="http://example.org/mrn"/>
    <value value="12345"/>
  </identifier>
  <active value="true"/>
  <name>
    <use value="official"/>
    <family value="張"/>
    <given value="先生"/>
  </name>
  <gender value="male"/>
  <birthDate value="1965-03-15"/>
  <address>
    <city value="台北市"/>
    <country value="台灣"/>
  </address>
</Patient>