{"resourceType":"SearchParameter","id":"OrganizationName","text":{"status":"generated","div":"<div xmlns=\"http://www.w3.org/1999/xhtml\"><p class=\"res-header-id\"><b>Generated Narrative: SearchParameter OrganizationName</b></p><a name=\"OrganizationName\"> </a><a name=\"hcOrganizationName\"> </a><h2>OrganizationName</h2><p>Parameter <code>name</code>:<code>string</code></p><div><p>搜尋Organization的name參數</p>\n</div><table class=\"grid\"><tr><td>Resource</td><td><a href=\"http://hl7.org/fhir/R4/organization.html\">Organization</a></td></tr><tr><td>Expression</td><td><code>Organization.name</code></td></tr><tr><td>Multiples</td><td><ul><li>multipleAnd: It's up to the server whether the parameter may repeat in order to specify multiple values that must all be true</li><li>multipleOr: It's up to the server whether the parameter can have multiple values (separated by comma) where at least one must be true</li></ul></td></tr></table></div>"},"url":"http://example.org/fhir/SearchParameter/Organization-name","version":"0.1.0","name":"OrganizationName","status":"active","date":"2025-10-28T11:34:57+08:00","publisher":"Example Publisher","contact":[{"name":"Example Publisher","telecom":[{"system":"url","value":"http://example.org/example-publisher"}]}],"description":"搜尋Organization的name參數","code":"name","base":["Organization"],"type":"string","expression":"Organization.name"}