{"resourceType":"SearchParameter","id":"PatientBirthdate","text":{"status":"generated","div":"<div xmlns=\"http://www.w3.org/1999/xhtml\"><p class=\"res-header-id\"><b>Generated Narrative: SearchParameter PatientBirthdate</b></p><a name=\"PatientBirthdate\"> </a><a name=\"hcPatientBirthdate\"> </a><h2>PatientBirthdate</h2><p>Parameter <code>birthdate</code>:<code>date</code></p><div><p>搜尋Patient的birthdate參數</p>\n</div><table class=\"grid\"><tr><td>Resource</td><td><a href=\"http://hl7.org/fhir/R4/patient.html\">Patient</a></td></tr><tr><td>Expression</td><td><code>Patient.birthDate</code></td></tr><tr><td>Multiples</td><td><ul><li>multipleAnd: It's up to the server whether the parameter may repeat in order to specify multiple values that must all be true</li><li>multipleOr: It's up to the server whether the parameter can have multiple values (separated by comma) where at least one must be true</li></ul></td></tr></table></div>"},"url":"http://example.org/fhir/SearchParameter/Patient-birthdate","version":"0.1.0","name":"PatientBirthdate","status":"active","date":"2025-10-28T11:34:57+08:00","publisher":"Example Publisher","contact":[{"name":"Example Publisher","telecom":[{"system":"url","value":"http://example.org/example-publisher"}]}],"description":"搜尋Patient的birthdate參數","code":"birthdate","base":["Patient"],"type":"date","expression":"Patient.birthDate"}