{"resourceType":"SearchParameter","id":"ProcedureId","text":{"status":"generated","div":"<div xmlns=\"http://www.w3.org/1999/xhtml\"><p class=\"res-header-id\"><b>Generated Narrative: SearchParameter ProcedureId</b></p><a name=\"ProcedureId\"> </a><a name=\"hcProcedureId\"> </a><h2>ProcedureId</h2><p>Parameter <code>_id</code>:<code>token</code></p><div><p>搜尋Procedure的_id參數</p>\n</div><table class=\"grid\"><tr><td>Resource</td><td><a href=\"http://hl7.org/fhir/R4/procedure.html\">Procedure</a></td></tr><tr><td>Expression</td><td><code>Procedure.id</code></td></tr><tr><td>Multiples</td><td><ul><li>multipleAnd: It's up to the server whether the parameter may repeat in order to specify multiple values that must all be true</li><li>multipleOr: It's up to the server whether the parameter can have multiple values (separated by comma) where at least one must be true</li></ul></td></tr></table></div>"},"url":"http://example.org/fhir/SearchParameter/Procedure-_id","version":"0.1.0","name":"ProcedureId","status":"active","date":"2025-10-28T11:34:57+08:00","publisher":"Example Publisher","contact":[{"name":"Example Publisher","telecom":[{"system":"url","value":"http://example.org/example-publisher"}]}],"description":"搜尋Procedure的_id參數","code":"_id","base":["Procedure"],"type":"token","expression":"Procedure.id"}