{"resourceType":"SearchParameter","id":"MedicationAdministrationReasongiven","text":{"status":"generated","div":"<div xmlns=\"http://www.w3.org/1999/xhtml\"><p class=\"res-header-id\"><b>Generated Narrative: SearchParameter MedicationAdministrationReasongiven</b></p><a name=\"MedicationAdministrationReasongiven\"> </a><a name=\"hcMedicationAdministrationReasongiven\"> </a><h2>MedicationAdministrationReasongiven</h2><p>Parameter <code>reason-given</code>:<code>token</code></p><div><p>Reasons for administering the medication</p>\n</div><table class=\"grid\"><tr><td>Resource</td><td><a href=\"http://hl7.org/fhir/R4/medicationadministration.html\">MedicationAdministration</a></td></tr><tr><td>Expression</td><td><code>MedicationAdministration.​reasonCode</code></td></tr><tr><td>Multiples</td><td><ul><li>multipleAnd: It's up to the server whether the parameter may repeat in order to specify multiple values that must all be true</li><li>multipleOr: It's up to the server whether the parameter can have multiple values (separated by comma) where at least one must be true</li></ul></td></tr></table></div>"},"url":"http://example.org/fhir/SearchParameter/MedicationAdministration-reason-given","version":"0.1.0","name":"MedicationAdministrationReasongiven","status":"active","date":"2025-10-28T11:34:57+08:00","publisher":"Example Publisher","contact":[{"name":"Example Publisher","telecom":[{"system":"url","value":"http://example.org/example-publisher"}]}],"description":"Reasons for administering the medication","code":"reason-given","base":["MedicationAdministration"],"type":"token","expression":"MedicationAdministration.​reasonCode"}