{"resourceType":"SearchParameter","id":"ConditionCode","text":{"status":"generated","div":"<div xmlns=\"http://www.w3.org/1999/xhtml\"><p class=\"res-header-id\"><b>Generated Narrative: SearchParameter ConditionCode</b></p><a name=\"ConditionCode\"> </a><a name=\"hcConditionCode\"> </a><h2>ConditionCode</h2><p>Parameter <code>code</code>:<code>token</code></p><div><p>搜尋Condition的code參數</p>\n</div><table class=\"grid\"><tr><td>Resource</td><td><a href=\"http://hl7.org/fhir/R4/condition.html\">Condition</a></td></tr><tr><td>Expression</td><td><code>Condition.code</code></td></tr><tr><td>Multiples</td><td><ul><li>multipleAnd: It's up to the server whether the parameter may repeat in order to specify multiple values that must all be true</li><li>multipleOr: It's up to the server whether the parameter can have multiple values (separated by comma) where at least one must be true</li></ul></td></tr></table></div>"},"url":"http://example.org/fhir/SearchParameter/Condition-code","version":"0.1.0","name":"ConditionCode","status":"active","date":"2025-10-28T11:34:57+08:00","publisher":"Example Publisher","contact":[{"name":"Example Publisher","telecom":[{"system":"url","value":"http://example.org/example-publisher"}]}],"description":"搜尋Condition的code參數","code":"code","base":["Condition"],"type":"token","expression":"Condition.code"}