{"resourceType":"SearchParameter","id":"MedicationAdministrationEffectivetime","text":{"status":"generated","div":"<div xmlns=\"http://www.w3.org/1999/xhtml\"><p class=\"res-header-id\"><b>Generated Narrative: SearchParameter MedicationAdministrationEffectivetime</b></p><a name=\"MedicationAdministrationEffectivetime\"> </a><a name=\"hcMedicationAdministrationEffectivetime\"> </a><h2>MedicationAdministrationEffectivetime</h2><p>Parameter <code>effective-time</code>:<code>date</code></p><div><p>Date administration happened (or did not happen)</p>\n</div><table class=\"grid\"><tr><td>Resource</td><td><a href=\"http://hl7.org/fhir/R4/medicationadministration.html\">MedicationAdministration</a></td></tr><tr><td>Expression</td><td><code>MedicationAdministration.​effective</code></td></tr><tr><td>Multiples</td><td><ul><li>multipleAnd: It's up to the server whether the parameter may repeat in order to specify multiple values that must all be true</li><li>multipleOr: It's up to the server whether the parameter can have multiple values (separated by comma) where at least one must be true</li></ul></td></tr></table></div>"},"url":"http://example.org/fhir/SearchParameter/MedicationAdministration-effective-time","version":"0.1.0","name":"MedicationAdministrationEffectivetime","status":"active","date":"2025-10-28T11:34:57+08:00","publisher":"Example Publisher","contact":[{"name":"Example Publisher","telecom":[{"system":"url","value":"http://example.org/example-publisher"}]}],"description":"Date administration happened (or did not happen)","code":"effective-time","base":["MedicationAdministration"],"type":"date","expression":"MedicationAdministration.​effective"}