{"resourceType":"SearchParameter","id":"ObservationStatus","text":{"status":"generated","div":"<div xmlns=\"http://www.w3.org/1999/xhtml\"><p class=\"res-header-id\"><b>Generated Narrative: SearchParameter ObservationStatus</b></p><a name=\"ObservationStatus\"> </a><a name=\"hcObservationStatus\"> </a><h2>ObservationStatus</h2><p>Parameter <code>status</code>:<code>token</code></p><div><p>搜尋Observation的status參數</p>\n</div><table class=\"grid\"><tr><td>Resource</td><td><a href=\"http://hl7.org/fhir/R4/observation.html\">Observation</a></td></tr><tr><td>Expression</td><td><code>Observation.status</code></td></tr><tr><td>Multiples</td><td><ul><li>multipleAnd: It's up to the server whether the parameter may repeat in order to specify multiple values that must all be true</li><li>multipleOr: It's up to the server whether the parameter can have multiple values (separated by comma) where at least one must be true</li></ul></td></tr></table></div>"},"url":"http://example.org/fhir/SearchParameter/Observation-status","version":"0.1.0","name":"ObservationStatus","status":"active","date":"2025-10-28T11:34:57+08:00","publisher":"Example Publisher","contact":[{"name":"Example Publisher","telecom":[{"system":"url","value":"http://example.org/example-publisher"}]}],"description":"搜尋Observation的status參數","code":"status","base":["Observation"],"type":"token","expression":"Observation.status"}