{"resourceType":"ValueSet","id":"VSBarthelStairs","text":{"status":"generated","div":"<div xmlns=\"http://www.w3.org/1999/xhtml\"><p class=\"res-header-id\"><b>Generated Narrative: ValueSet VSBarthelStairs</b></p><a name=\"VSBarthelStairs\"> </a><a name=\"hcVSBarthelStairs\"> </a><ul><li>Include these codes as defined in <a href=\"http://loinc.org\"><code>http://loinc.org</code></a><span title=\"Version is not explicity stated. No matching Code System found\"> version Not Stated (use latest from terminology server)</span><table class=\"none\"><tr><td style=\"white-space:nowrap\"><b>Code</b></td><td><b>Display</b></td></tr><tr><td><a href=\"https://loinc.org/LA12302-8/\">LA12302-8</a></td><td>可自行上下樓梯，可使用扶手、柺杖等輔具。</td></tr><tr><td><a href=\"https://loinc.org/LA31629-1/\">LA31629-1</a></td><td>需他人協助或監督才能上下樓梯。</td></tr><tr><td><a href=\"https://loinc.org/LA24937-7/\">LA24937-7</a></td><td>無法上下樓梯。</td></tr></table></li></ul></div>"},"url":"http://example.org/ValueSet/VSBarthelStairs","version":"0.1.0","name":"VSBarthelStairs","title":"上下樓梯-選項","status":"draft","date":"2025-10-28T11:34:57+08:00","publisher":"Example Publisher","contact":[{"name":"Example Publisher","telecom":[{"system":"url","value":"http://example.org/example-publisher"}]}],"compose":{"include":[{"system":"http://loinc.org","concept":[{"code":"LA12302-8","display":"可自行上下樓梯，可使用扶手、柺杖等輔具。"},{"code":"LA31629-1","display":"需他人協助或監督才能上下樓梯。"},{"code":"LA24937-7","display":"無法上下樓梯。"}]}]}}