{"resourceType":"ValueSet","id":"VSBarthelDressing","text":{"status":"generated","div":"<div xmlns=\"http://www.w3.org/1999/xhtml\"><p class=\"res-header-id\"><b>Generated Narrative: ValueSet VSBarthelDressing</b></p><a name=\"VSBarthelDressing\"> </a><a name=\"hcVSBarthelDressing\"> </a><ul><li>Include these codes as defined in <a href=\"http://loinc.org\"><code>http://loinc.org</code></a><span title=\"Version is not explicity stated. No matching Code System found\"> version Not Stated (use latest from terminology server)</span><table class=\"none\"><tr><td style=\"white-space:nowrap\"><b>Code</b></td><td><b>Display</b></td></tr><tr><td><a href=\"https://loinc.org/LA31638-2/\">LA31638-2</a></td><td>能自己穿脫衣服、鞋子，自己扣釦子、上拉鍊或綁鞋帶。</td></tr><tr><td><a href=\"https://loinc.org/LA31637-4/\">LA31637-4</a></td><td>在別人協助下，可自己完成一半以上的動作。</td></tr><tr><td><a href=\"https://loinc.org/LA12304-4/\">LA12304-4</a></td><td>不會自己做。</td></tr></table></li></ul></div>"},"url":"http://example.org/ValueSet/VSBarthelDressing","version":"0.1.0","name":"VSBarthelDressing","title":"穿脫衣服-選項","status":"draft","date":"2025-10-28T11:34:57+08:00","publisher":"Example Publisher","contact":[{"name":"Example Publisher","telecom":[{"system":"url","value":"http://example.org/example-publisher"}]}],"compose":{"include":[{"system":"http://loinc.org","concept":[{"code":"LA31638-2","display":"能自己穿脫衣服、鞋子，自己扣釦子、上拉鍊或綁鞋帶。"},{"code":"LA31637-4","display":"在別人協助下，可自己完成一半以上的動作。"},{"code":"LA12304-4","display":"不會自己做。"}]}]}}