{
  "resourceType" : "CarePlan",
  "id" : "CarePlanExample",
  "meta" : {
    "profile" : ["http://example.org/StructureDefinition/CarePlan"]
  },
  "text" : {
    "status" : "generated",
    "div" : "<div xmlns=\"http://www.w3.org/1999/xhtml\"><p class=\"res-header-id\"><b>Generated Narrative: CarePlan CarePlanExample</b></p><a name=\"CarePlanExample\"> </a><a name=\"hcCarePlanExample\"> </a><div style=\"display: inline-block; background-color: #d9e0e7; padding: 6px; margin: 4px; border: 1px solid #8da1b4; border-radius: 5px; line-height: 60%\"><p style=\"margin-bottom: 0px\"/><p style=\"margin-bottom: 0px\">Profile: <a href=\"StructureDefinition-CarePlan.html\">Care Plan</a></p></div><p><b>status</b>: Active</p><p><b>intent</b>: Plan</p><p><b>category</b>: <span title=\"Codes:{https://twcore.mohw.gov.tw/ig/twcore/CodeSystem/careplan-category-tw assess-plan}\">Assessment and Plan of Treatment</span></p><p><b>subject</b>: <a href=\"Patient/001\">Patient/001</a></p></div>"
  },
  "status" : "active",
  "intent" : "plan",
  "category" : [{
    "coding" : [{
      "system" : "https://twcore.mohw.gov.tw/ig/twcore/CodeSystem/careplan-category-tw",
      "code" : "assess-plan"
    }]
  }],
  "subject" : {
    "reference" : "Patient/001"
  }
}